,Kelurahan,Kecamatan,Nama SMA,Alamat
0,"Pulau Panggang, Kepulauan Seribu Utara, Kepulauan Seribu",KEP. SERIBU UTARA,SMA NEGERI 69 JAKARTA Kepulauan Seribu,"Alamat: 7J27+X95, Pulau Panggang, Kepulauan Seribu Utara, Kab. Administrasi Kepulauan Seribu, Daerah Khusus Ibukota Jakarta 14530 "
1,Pulau Tidung,KEP. SERIBU SELATAN,SMK NEGERI 61 Kepulauan Seribu,"Alamat: 5GX5+4Q8, Pulau Tidung, Kec. Kepulauan Seribu Sel., Kab. Administrasi Kepulauan Seribu, Daerah Khusus Ibukota Jakarta 14520 "
2,Pulau Tidung,KEP. SERIBU SELATAN,ASRAMA SMKN 61 JAKARTA,"Alamat: JLN PANTAI SELATAN No.1, Pulau Tidung, Kec. Kepulauan Seribu Sel., Kab. Administrasi Kepulauan Seribu, Daerah Khusus Ibukota Jakarta 14520 "
3,Gambir,GAMBIR,SMA Negeri 4 Jakarta,"Alamat: Jl. Batu III No.3, RT.7/RW.1, Gambir, Kecamatan Gambir, Kota Jakarta Pusat, Daerah Khusus Ibukota Jakarta 10110 "
4,Petojo Utara,GAMBIR,SMAN 25 Jakarta,"Alamat: Jalan A.M Sangaji No. 22-24 Petojo Utara Gambir RT.2/RW.5 2 5, RT.2/RW.5, Petojo Utara, Kecamatan Gambir, Kota Jakarta Pusat, Daerah Khusus Ibukota Jakarta 10130 "
5,Petojo Utara,GAMBIR,SMK Rex Mundi,"Alamat: Jl. Alaydrus No.42, RT.3/RW.2, Petojo Utara, Kecamatan Gambir, Kota Jakarta Pusat, Daerah Khusus Ibukota Jakarta 10130 "
6,Petojo Sel.,GAMBIR,SMK Jakarta Pusat 1,"Alamat: Jl. Abdul Muis No.44, RT.1/RW.8, Petojo Sel., Kecamatan Gambir, Kota Jakarta Pusat, Daerah Khusus Ibukota Jakarta 10160 "
7,Kb. Klp.,GAMBIR,SMK Santa Maria,"Alamat: Jl. Ir. H. Juanda No.29, RT.7/RW.3, Kb. Klp., Kecamatan Gambir, Kota Jakarta Pusat, Daerah Khusus Ibukota Jakarta 10120 "
8,Duri Pulo,GAMBIR,SMA PGRI 14 (ASET PEMDA DKI),"Alamat: Jl. Setia Kawan III No.41, RT.1/RW.7, Duri Pulo, Kecamatan Gambir, Kota Jakarta Pusat, Daerah Khusus Ibukota Jakarta 10140 "
9,Ps. Baru,SAWAH BESAR,Sekolah Menengah Atas Negeri 20 Jakarta Pusat,"Alamat: 4, Jl. Krekot III No.1, RT.1/RW.5, Ps. Baru, Kecamatan Sawah Besar, Kota Jakarta Pusat, Daerah Khusus Ibukota Jakarta 10710 "
10,Ps. Baru,SAWAH BESAR,SMAN 1 JAKARTA,"Alamat: Jl. Budi Utomo No.7, Ps. Baru, Kecamatan Sawah Besar, Kota Jakarta Pusat, Daerah Khusus Ibukota Jakarta 10710 "
11,Ps. Baru,SAWAH BESAR,Sekolah Menengah Atas Kristen Karunia,"Alamat: Jl. Kartini Raya No.10 A, RT.13/RW.5, Ps. Baru, Kecamatan Sawah Besar, Kota Jakarta Pusat, Daerah Khusus Ibukota Jakarta 10710 "
12,Ps. Baru,SAWAH BESAR,SMA Kristen 2 PENABUR Jakarta,"Alamat: Jl. Pintu Air Raya No.11, RT.8/RW.1, Ps. Baru, Kecamatan Sawah Besar, Kota Jakarta Pusat, Daerah Khusus Ibukota Jakarta 10710 "
13,Kartini,SAWAH BESAR,Sekolah Menengah Kejuruan KARTINI 1,"Alamat: Jl. Kartini Raya No.26, RT.14/RW.5, Kartini, Kecamatan Sawah Besar, Kota Jakarta Pusat, Daerah Khusus Ibukota Jakarta 10750 "
14,Mangga Dua Sel.,SAWAH BESAR,SMA Negeri 10 Jakarta,"Alamat: Jl. Mangga Besar XIII No.1, RT.6/RW.1, Mangga Dua Sel., Kecamatan Sawah Besar, Kota Jakarta Pusat, Daerah Khusus Ibukota Jakarta 10730 "
15,Mangga Dua Sel.,SAWAH BESAR,SMAS Budi Mulia,"Alamat: Jl. Raya Mangga Besar No.135, RW.1, Mangga Dua Sel., Kecamatan Sawah Besar, Kota Jakarta Pusat, Daerah Khusus Ibukota Jakarta 10730 "
16,Kec. Kemayoran,KEMAYORAN,SMA Negeri 5 Jakarta,"Alamat: Jl. Sumur Batu Raya No.14, RW.1, Sumur Batu, Kec. Kemayoran, Kota Jakarta Pusat, Daerah Khusus Ibukota Jakarta 10660 "
17,Kec. Kemayoran,KEMAYORAN,Sekolah Menengah Pertama (SMP) Terbuka Kec Kemayoran,"Alamat: Jl. Dakota Raya RT.04 / RW.09, Kebon Kosong, Kemayoran, RT.4/RW.9, Kb. Kosong, Kec. Kemayoran, Kota Jakarta Pusat, Daerah Khusus Ibukota Jakarta 10630 "
18,Kec. Kemayoran,KEMAYORAN,Sekolah Menengah Atas Paskalis,"Alamat: Jl. Ranjau No.13, RT.13/RW.4, Sumur Batu, Kec. Kemayoran, Kota Jakarta Pusat, Daerah Khusus Ibukota Jakarta 10640 "
19,Kec. Kemayoran,KEMAYORAN,Sekolah Menengah Atas Kartini,"Alamat: Jl. Kalibaru Timur V No.1, RT.1/RW.9, Utan Panjang, Kec. Kemayoran, Kota Jakarta Pusat, Daerah Khusus Ibukota Jakarta 10460 "
20,Kec. Kemayoran,KEMAYORAN,SMA Muhammadiyah 2 Jakarta,"Alamat: 9, Jl. Garuda No.33, RT.9/RW.6, Gn. Sahari Sel., Kec. Kemayoran, Kota Jakarta Pusat, Daerah Khusus Ibukota Jakarta 10610 "
21,Kec. Kemayoran,KEMAYORAN,Sekolah Menengah Atas Kristen BPK Penabur 3,"Alamat: Jl. Gn. Sahari No.90A, RT.14/RW.8, Gn. Sahari Sel., Kec. Kemayoran, Kota Jakarta Pusat, Daerah Khusus Ibukota Jakarta 10610 "
22,Kec. Kemayoran,KEMAYORAN,SMA Tamansiswa,"Alamat: Jl. Garuda No.31, RT.7/RW.4, Gn. Sahari Sel., Kec. Kemayoran, Kota Jakarta Pusat, Daerah Khusus Ibukota Jakarta 10610 "
23,Kb. Kosong,KEMAYORAN,Sekolah Menengah Pertama (SMP) Terbuka Kec Kemayoran,"Alamat: Jl. Dakota Raya RT.04 / RW.09, Kebon Kosong, Kemayoran, RT.4/RW.9, Kb. Kosong, Kec. Kemayoran, Kota Jakarta Pusat, Daerah Khusus Ibukota Jakarta 10630 "
24,Kb. Kosong,KEMAYORAN,SMA Taman Siswa 1,"Alamat: 12, Jl. Gg. Mht No.26, RT.12/RW.7, Kb. Kosong, Kec. Kemayoran, Kota Jakarta Pusat, Daerah Khusus Ibukota Jakarta 10630 "
25,Serdang,KEMAYORAN,SMA Taman Madya 1,"Alamat: Jalan Sunter Bendungan Jago No.11, Kemayoran, RT.16/RW.2, Serdang, Jakarta Pusat, DKI Jakarta, Daerah Khusus Ibukota Jakarta 10650 "
26,Gn. Sahari Sel.,KEMAYORAN,Sekolah Menengah Atas Kristen BPK Penabur 3,"Alamat: Jl. Gn. Sahari No.90A, RT.14/RW.8, Gn. Sahari Sel., Kec. Kemayoran, Kota Jakarta Pusat, Daerah Khusus Ibukota Jakarta 10610 "
27,Gn. Sahari Sel.,KEMAYORAN,SMA Muhammadiyah 2 Jakarta,"Alamat: 9, Jl. Garuda No.33, RT.9/RW.6, Gn. Sahari Sel., Kec. Kemayoran, Kota Jakarta Pusat, Daerah Khusus Ibukota Jakarta 10610 "
28,Gn. Sahari Sel.,KEMAYORAN,SMA Tamansiswa,"Alamat: Jl. Garuda No.31, RT.7/RW.4, Gn. Sahari Sel., Kec. Kemayoran, Kota Jakarta Pusat, Daerah Khusus Ibukota Jakarta 10610 "
29,Gn. Sahari Sel.,KEMAYORAN,SMK Strada 1,"Alamat: Jl. Gn. Sahari No.88, Gn. Sahari Sel., Kec. Kemayoran, Kota Jakarta Pusat, Daerah Khusus Ibukota Jakarta 10610 "
30,Cemp. Baru,KEMAYORAN,SMP / SMA PERGURUAN NASIONAL 1,"Alamat: Jln. Cempaka Baru Timur I RT. 015 / 03 No. 1, Jl. Cempaka Baru Timur No.2C, RT.14/RW.3, Cemp. Baru, Kec. Kemayoran, Kota Jakarta Pusat, Daerah Khusus Ibukota Jakarta 10640 "
31,Sumur Batu,KEMAYORAN,SMA Negeri 5 Jakarta,"Alamat: Jl. Sumur Batu Raya No.14, RW.1, Sumur Batu, Kec. Kemayoran, Kota Jakarta Pusat, Daerah Khusus Ibukota Jakarta 10660 "
32,Sumur Batu,KEMAYORAN,Sekolah Menengah Atas Paskalis,"Alamat: Jl. Ranjau No.13, RT.13/RW.4, Sumur Batu, Kec. Kemayoran, Kota Jakarta Pusat, Daerah Khusus Ibukota Jakarta 10640 "
33,Sumur Batu,KEMAYORAN,SMK Poncol,"Alamat: Jl. Mutiara Raya No.1, RT.14/RW.3, Sumur Batu, Kec. Kemayoran, Kota Jakarta Pusat, Daerah Khusus Ibukota Jakarta 10640 "
34,Utan Panjang,KEMAYORAN,Sekolah Menengah Atas Kartini,"Alamat: Jl. Kalibaru Timur V No.1, RT.1/RW.9, Utan Panjang, Kec. Kemayoran, Kota Jakarta Pusat, Daerah Khusus Ibukota Jakarta 10460 "
35,Senen,SENEN,SMA PSKD 3 Jakarta,"Alamat: Jl. Kwini I No.1, RT.5/RW.1, Senen, Kec. Senen, Kota Jakarta Pusat, Daerah Khusus Ibukota Jakarta 10410 "
36,Kenari,SENEN,SMA Negeri 68 Jakarta,"Alamat: Jl. Salemba Raya No.18, RT.3/RW.6, Kenari, Kec. Senen, Kota Jakarta Pusat, Daerah Khusus Ibukota Jakarta 10430 "
37,Kenari,SENEN,Sekolah Menegah Atas (SMA) PSKD 1 Jakarta,"Alamat: Jl. Pangeran Diponegoro No.80, RT.2/RW.6, Kenari, Kec. Senen, Kota Jakarta Pusat, Daerah Khusus Ibukota Jakarta 10430 "
38,Kenari,SENEN,SMK SINT JOSEPH,"Alamat: RR6R+XR2, Jl. Kramat Raya, RT.1/RW.9, Kenari, Kec. Senen, Kota Jakarta Pusat, Daerah Khusus Ibukota Jakarta 10430 "
39,Paseban,SENEN,Sekolah Menengah Atas Advent Salemba,"Alamat: Jl. Salemba Bluntas No.77, RT.11/RW.5, Paseban, Kec. Senen, Kota Jakarta Pusat, Daerah Khusus Ibukota Jakarta 10440 "
40,Paseban,SENEN,Sekolah Menengah Kejuruan Farmasi Tunas Bangsa,"Alamat: Jl. Salemba Tengah II No.1, RT.4/RW.8, Paseban, Kec. Senen, Kota Jakarta Pusat, Daerah Khusus Ibukota Jakarta 10440 "
41,Paseban,SENEN,Sekolah Menengah Kejuruan Muhammadiah 10,"Alamat: Jl. Kramat Sawah No.254, RT.12/RW.7, Paseban, Kec. Senen, Kota Jakarta Pusat, Daerah Khusus Ibukota Jakarta 10440 "
42,Kramat,SENEN,SMA Muhammadiyah 1 Jakarta,"Alamat: Jl. Kramat Raya No.49, RT.3/RW.4, Kramat, Kec. Senen, Kota Jakarta Pusat, Daerah Khusus Ibukota Jakarta 10450 "
43,Bungur,SENEN,SMA Muhammadiyah 16,"Alamat: Jl. Kalibaru Barat No.D 52, RT.2/RW.1, Bungur, Kec. Senen, Kota Jakarta Pusat, Daerah Khusus Ibukota Jakarta 10460 "
44,Cemp. Putih Tim.,CEMPAKA PUTIH,SMA Negeri 30 Jakarta,"Alamat: Jl. Jenderal Ahmad Yani No.43A, RT.13/RW.2, Cemp. Putih Tim., Kec. Cemp. Putih, Kota Jakarta Pusat, Daerah Khusus Ibukota Jakarta 10510 "
45,Cemp. Putih Tim.,CEMPAKA PUTIH,SMA Negeri 77 Jakarta,"Alamat: Jl. Cempaka Putih Tengah XVII No.1, RT.2/RW.8, Cemp. Putih Tim., Kec. Cemp. Putih, Kota Jakarta Pusat, Daerah Khusus Ibukota Jakarta 10510 "
46,Cemp. Putih Bar.,CEMPAKA PUTIH,SMK CEMPAKA,"Alamat: Jl. Cempaka Putih Barat XXI No.3, RT.4/RW.8, Cemp. Putih Bar., Kec. Cemp. Putih, Kota Jakarta Pusat, Daerah Khusus Ibukota Jakarta 10520 "
47,Cemp. Putih Bar.,CEMPAKA PUTIH,SMK Tunas Harapan,"Alamat: Kompleks SetNeg RI, Jl. Cempaka Putih Barat XIV No.3, RW.12, Cemp. Putih Bar., Kec. Cemp. Putih, Kota Jakarta Pusat, Daerah Khusus Ibukota Jakarta 10520 "
48,Rawasari,CEMPAKA PUTIH,SMA Taman Madya 5 Jakarta,"Alamat: JL. Percetakan Negara 8, No. 16, Rawasari, 10570, RT.4/RW.3, Rawasari, Kec. Cemp. Putih, Kota Jakarta Pusat, Daerah Khusus Ibukota Jakarta 10570 "
49,Kec. Menteng,MENTENG,SMA Santa Theresia,"Alamat: Jl. H. Agus Salim No.75, RT.8/RW.4, Gondangdia, Kec. Menteng, Kota Jakarta Pusat, Daerah Khusus Ibukota Jakarta 10350 "
50,Kec. Menteng,MENTENG,School,"Alamat: Jl. Lombok No.58, RT.4/RW.5, Gondangdia, Kec. Menteng, Kota Jakarta Pusat, Daerah Khusus Ibukota Jakarta 10350 "
51,Kec. Menteng,MENTENG,SMA Sunda Kelapa,"Alamat: Jl. Taman Sunda Kelapa No.16A, RT.6/RW.4, Menteng, Kec. Menteng, Kota Jakarta Pusat, Daerah Khusus Ibukota Jakarta 10310 "
52,Kec. Menteng,MENTENG,SMA Dwisaka,"Alamat: QRVX+47F, RT.1/RW.6, Pegangsaan, Kec. Menteng, Kota Jakarta Pusat, Daerah Khusus Ibukota Jakarta 10320 "
53,Pegangsaan,MENTENG,SMA Dwisaka,"Alamat: QRVX+47F, RT.1/RW.6, Pegangsaan, Kec. Menteng, Kota Jakarta Pusat, Daerah Khusus Ibukota Jakarta 10320 "
54,Cikini,MENTENG,SMP Al - Ma'mur Jakarta Pusat,"Alamat: Jl. Raden Saleh Raya No.30, Cikini, Kec. Menteng, Kota Jakarta Pusat, Daerah Khusus Ibukota Jakarta 10330 "
55,Gondangdia,MENTENG,SMA Santa Theresia,"Alamat: Jl. H. Agus Salim No.75, RT.8/RW.4, Gondangdia, Kec. Menteng, Kota Jakarta Pusat, Daerah Khusus Ibukota Jakarta 10350 "
56,Gondangdia,MENTENG,School,"Alamat: Jl. Lombok No.58, RT.4/RW.5, Gondangdia, Kec. Menteng, Kota Jakarta Pusat, Daerah Khusus Ibukota Jakarta 10350 "
57,Bend. Hilir,TANAH ABANG,SMP Negeri 40 Jakarta,"Alamat: Jl. Danau Limboto No.4, RT.18/RW.4, Bend. Hilir, Kecamatan Tanah Abang, Kota Jakarta Pusat, Daerah Khusus Ibukota Jakarta 10210 "
58,Bend. Hilir,TANAH ABANG,Sekolah Kesehatan TNI AL JAKARTA,"Alamat: Jl. Bend. Jatiluhur No.130, RT.4/RW.2, Bend. Hilir, Kecamatan Tanah Abang, Kota Jakarta Pusat, Daerah Khusus Ibukota Jakarta 10210 "
59,Karet Tengsin,TANAH ABANG,SMA Negeri 35 Jakarta Pusat,"Alamat: Jl. Mutiara, RT.18/RW.5, Karet Tengsin, Kecamatan Tanah Abang, Kota Jakarta Pusat, Daerah Khusus Ibukota Jakarta 10220 "
60,Karet Tengsin,TANAH ABANG,SMA NEGERI 7 Jakarta,"Alamat: QRQ7+PFH, Karet Tengsin, Kecamatan Tanah Abang, Kota Jakarta Pusat, Daerah Khusus Ibukota Jakarta 10250 "
61,Karet Tengsin,TANAH ABANG,Tigmapala,"Alamat: 14, RW.5, Karet Tengsin, Tanah Abang, Central Jakarta City, Jakarta "
62,Petamburan,TANAH ABANG,Sekolah Menengah Atas Kristen Bethel,"Alamat: Jl. Petamburan IV No.4, RT.1/RW.4, Petamburan, Kecamatan Tanah Abang, Kota Jakarta Pusat, Daerah Khusus Ibukota Jakarta 10260 "
63,Kb. Melati,TANAH ABANG,Sekolah Agustinus dan Adisucipto,"Alamat: Jl. Kb. Melati 5 No.5, RW.8, Kb. Melati, Kecamatan Tanah Abang, Kota Jakarta Pusat, Daerah Khusus Ibukota Jakarta 10230 "
64,Kb. Kacang,TANAH ABANG,SMK Islam Said Na'um,"Alamat: Jl. K.H. Mas Mansyur No.25, RT.14/RW.5, Kb. Kacang, Kecamatan Tanah Abang, Kota Jakarta Pusat, Daerah Khusus Ibukota Jakarta 10240 "
65,Johar Baru,JOHAR BARU,SMA NEGERI 27 Jakarta,"Alamat: Jl. Johar Baru IV No.1A, RT.2/RW.5, Johar Baru, Kec. Johar Baru, Kota Jakarta Pusat, Daerah Khusus Ibukota Jakarta 10560 "
66,Johar Baru,JOHAR BARU,Yayasan Pendidikan Cihanjuang SMK Kampung Jawa,"Alamat: Jl. Percetakan Negara II No.9, RT.11/RW.6, Johar Baru, Kec. Johar Baru, Kota Jakarta Pusat, Daerah Khusus Ibukota Jakarta 10560 "
67,Penjaringan,PENJARINGAN,Sekolah Menengah Atas Harapan Kasih,"Alamat: Jl. Muara Baru No.5, RT.5/RW.3, Penjaringan, North Jakarta City, Jakarta 14440 "
68,Penjaringan,PENJARINGAN,SMA NEGERI 111 Jakarta Utara,"Alamat: Jl. Bandengan Utara Raya No.80, RT.9/RW.16, Penjaringan, Kec. Penjaringan, Jkt Utara, Daerah Khusus Ibukota Jakarta 14440 "
69,Penjaringan,PENJARINGAN,SMK Pluit Raya,"Alamat: Jl. Jemb. 3 Raya No.1, RT.14/RW.8, Penjaringan, Kec. Penjaringan, Jkt Utara, Daerah Khusus Ibukota Jakarta 14440 "
70,Kapuk Muara,PENJARINGAN,Sma Bina Bangsa School Pantai Indah Kapuk,"Alamat: Jalan Pantai Indah Kapuk 8 Blok R8 No.1 2, RT.6/RW.2, Kapuk Muara, Kec. Penjaringan, Jkt Utara, Daerah Khusus Ibukota Jakarta 14470 "
71,Kapuk Muara,PENJARINGAN,Sekolah Menengah Kejuruan Al-Muttaqin,"Alamat: Jl. Kapuk Muara Raya No.17, RT.10/RW.4, Kapuk Muara, Kec. Penjaringan, Jkt Utara, Daerah Khusus Ibukota Jakarta 14460 "
72,Pejagalan,PENJARINGAN,Sekolah Menengah Atas Darma Satria,"Alamat: Komp, Teluk Indah Blok Q No. 2-4, RT.5/RW.9, Pejagalan, Kec. Penjaringan, Jkt Utara, Daerah Khusus Ibukota Jakarta 14450 "
73,Pejagalan,PENJARINGAN,Sekolah Budi Agung,"Alamat: Jalan Terusan Bandengan Utara. 95 Blok F.3-12, RT.8/RW.16, Pejagalan, Kec. Penjaringan, Daerah Khusus Ibukota Jakarta 14450 "
74,Pluit,PENJARINGAN,SMA Tarakanita 2,"Alamat: Jl. Pluit Permai Dalam 1 No.10, RT.15/RW.4, Pluit, Kec. Penjaringan, Jkt Utara, Daerah Khusus Ibukota Jakarta 14450 "
75,Pluit,PENJARINGAN,SMA Permai Jakarta,"Alamat: Jl. Pluit Karang Barat Blok O - VI No. 1 2 8, RT.2/RW.8, Pluit, Kec. Penjaringan, Jkt Utara, Daerah Khusus Ibukota Jakarta 14450 "
76,Pluit,PENJARINGAN,SMA SAINT NICHOLAS,"Alamat: VQMH+9H8, Jl Pluit Karang Ayu II Utara Pejagalan Penjaringan Jakarta Utara DKI Jakarta, RT.11/RW.3, Pluit, Kec. Penjaringan, Jkt Utara, Daerah Khusus Ibukota Jakarta 14450 "
77,Pluit,PENJARINGAN,Sekolah Menengah Atas Cahaya Kudus,"Alamat: Jl. Muara Karang Raya Blok B9 No.129-130-131, RT.1/RW.15, Pluit, Kec. Penjaringan, Jkt Utara, Daerah Khusus Ibukota Jakarta 14450 "
78,Sunter Jaya,TANJUNG PRIOK,Sekolah Menengah Atas Al-Islamiyah,"Alamat: Jl. Sunter Agung Utara D6 No.16, RT.5/RW.9, Sunter Jaya, Kec. Tj. Priok, Jkt Utara, Daerah Khusus Ibukota Jakarta 14360 "
79,Sunter Jaya,TANJUNG PRIOK,SMA Wijaya,"Alamat: Jalan Masjid Al-Barkah No.16, RT.5/RW.9, Sunter Jaya, Kec. Tj. Priok, Jkt Utara, Daerah Khusus Ibukota Jakarta 14360 "
80,Sunter Jaya,TANJUNG PRIOK,SMK Gita Kirtti 2 Jakarta,"Alamat: Jl. Sunter Jaya IV A No.2, RT.8/RW.3, Sunter Jaya, Kec. Tj. Priok, Jkt Utara, Daerah Khusus Ibukota Jakarta 14350 "
81,Sungai Bambu,TANJUNG PRIOK,Sekolah Menengah Kejuruan Gunung Jati,"Alamat: Jl. Sungai Bambu 4 No.35, RT.6/RW.8, Sungai Bambu, Kec. Tj. Priok, Jkt Utara, Daerah Khusus Ibukota Jakarta 14330 "
82,Sungai Bambu,TANJUNG PRIOK,Sekolah Menengah Atas Gideon,"Alamat: Jl. Gadang No.77, RT.2/RW.4, Sungai Bambu, Kec. Tj. Priok, Jkt Utara, Daerah Khusus Ibukota Jakarta 14330 "
83,Sungai Bambu,TANJUNG PRIOK,Sekolah Menengah Kejuruan Kencana 1-Jakarta,"Alamat: SMK KENCANA 1, Jl. Sungai Bambu No.13A, RT.8/RW.5, Sungai Bambu, Kec. Tj. Priok, Jkt Utara, Daerah Khusus Ibukota Jakarta 14330 "
84,Kb. Bawang,TANJUNG PRIOK,Sekolah Menengah Atas Mutiara I,"Alamat: Jalan Komp.Yos Sudarso II No. 19, RT.01 / RW.16, Tanjung Priok, RT.10/RW.6, Kb. Bawang, Kec. Tj. Priok, Jkt Utara, Daerah Khusus Ibukota Jakarta 14310 "
85,Kb. Bawang,TANJUNG PRIOK,SMA Yappenda,"Alamat: Jl. Swasembada Timur 5 No.10, RT.6/RW.10, Kb. Bawang, Kec. Tj. Priok, Jkt Utara, Daerah Khusus Ibukota Jakarta 14320 "
86,Kb. Bawang,TANJUNG PRIOK,Sekolah Menengah Atas Dharma Putra Jakarta,"Alamat: Jl. Swasembada Barat XI No.92, RT.7/RW.13, Kb. Bawang, Kec. Tj. Priok, Jkt Utara, Daerah Khusus Ibukota Jakarta 14320 "
87,Kb. Bawang,TANJUNG PRIOK,SMK Negeri 12 Jakarta Utara,"Alamat: VVPP+38V, Jl. Kb. Bawang XV B, Kb. Bawang, Kec. Tj. Priok, Jkt Utara, Daerah Khusus Ibukota Jakarta 14320 "
88,Sunter Agung,TANJUNG PRIOK,SMA Negeri 80 Jakarta Utara,"Alamat: Jl. Sunter Karya Utara No.V, Sunter Agung, Kec. Tj. Priok, Jkt Utara, Daerah Khusus Ibukota Jakarta 14350 "
89,Sunter Agung,TANJUNG PRIOK,SMAN 15 JAKARTA,"Alamat: 4, Jl. Sunter Agung Utara STS No.3, RT.4/RW.18, Sunter Agung, Kec. Tj. Priok, Jkt Utara, Daerah Khusus Ibukota Jakarta 14350 "
90,Sunter Agung,TANJUNG PRIOK,SMA NEGERI 41 Jakarta Utara,"Alamat: Jl. Laks. Re. Martadinata No.41, RW.3, Sunter Agung, Kec. Tj. Priok, Jkt Utara, Daerah Khusus Ibukota Jakarta 14350 "
91,Sunter Agung,TANJUNG PRIOK,SMKS Spes Patriae - Santo Lukas Sunter,"Alamat: Jalan Ancol Selatan II No.1 RW 6 RT 7, Sunter Agung, Kec. Tj. Priok, Jkt Utara, Daerah Khusus Ibukota Jakarta 14350 "
92,Warakas,TANJUNG PRIOK,SMAN 18 Jakarta,"Alamat: VVHC+JQ5, RT.12/RW.14, Warakas, Kec. Tj. Priok, Jkt Utara, Daerah Khusus Ibukota Jakarta 14370 "
93,Warakas,TANJUNG PRIOK,Sekolah Menengah Kejuruan Sismadi,"Alamat: Jl. Warakas Raya No.17, RT.5/RW.7, Warakas, Kec. Tj. Priok, Jkt Utara, Daerah Khusus Ibukota Jakarta 14370 "
94,Tugu Utara,KOJA,Sekolah Menengah Atas Uswatun Hasanah,"Alamat: Jl. Mawar Luar No.1, RT.8/RW.11, Tugu Utara, Kec. Koja, Jkt Utara, Daerah Khusus Ibukota Jakarta 14260 "
95,Lagoa,KOJA,Sekolah Menengah Kejuruan Lagoa,"Alamat: Jl. Lagoa Gg. III No.1,3,5, RT.5/RW.4, Lagoa, Kec. Koja, Jkt Utara, Daerah Khusus Ibukota Jakarta 14270 "
96,Lagoa,KOJA,Sekolah Menengah Atas Al-Khairiyah Pagi,"Alamat: Jl. Mindi No.2, RT.14/RW.9, Lagoa, Kec. Koja, Jkt Utara, Daerah Khusus Ibukota Jakarta 14270 "
97,Lagoa,KOJA,SMA Tanjung Priok,"Alamat: Jl. Mangga No.40, RT.9/RW.9, Lagoa, Kec. Koja, Jkt Utara, Daerah Khusus Ibukota Jakarta 14270 "
98,Rawabadak Utara,KOJA,SMA NEGERI 13 JAKARTA UTARA,"Alamat: Jl. Seroja No.1, RT.7/RW.13, Rawabadak Utara, Kec. Koja, Jkt Utara, Daerah Khusus Ibukota Jakarta 14230 "
99,Rawabadak Utara,KOJA,SMK Perguruan Cikini Jakarta Utara,"Alamat: Jalan Alur Laut Blok NN No. 1, RT.05 / RW.10, Rawabadak Utara, Koja, RT.5/RW.10, Rawabadak Utara, Kec. Koja, Jkt Utara, Daerah Khusus Ibukota Jakarta 14230 "
100,Tugu Sel.,KOJA,SMA NEGERI 110 Jakarta Utara,"Alamat: Jl. Bendungan Melayu No.80, Tugu Sel., Kec. Koja, Jkt Utara, Daerah Khusus Ibukota Jakarta 14140 "
101,Tugu Sel.,KOJA,Sekolah Menengah Ekonomi Atas Walang Jaya,"Alamat: Jl. STM Walang Jaya No.16, RT.8/RW.5, Tugu Sel., Kec. Koja, Jkt Utara, Daerah Khusus Ibukota Jakarta 14260 "
102,Tugu Sel.,KOJA,SMA Laphat Plus,"Alamat: Jalan Mahoni Utara No.54, Tugu Utara, Koja, RT.5/RW.3, Tugu Sel., Jakarta Utara, Jkt Utara, Daerah Khusus Ibukota Jakarta 14270 "
103,Rawabadak Sel.,KOJA,Sekolah Menengah Atas Al Muhajirin,"Alamat: Perumahan PT(Persero) Pelabuhan Indonesia II, Jl. Tunda No.20-21, RT.4/RW.7, Rawabadak Sel., Kec. Koja, Jkt Utara, Daerah Khusus Ibukota Jakarta 14230 "
104,Cilincing,CILINCING,SMA Negeri 114 Jakarta Utara,"Alamat: Jl. Pedongkelan Raya No.26, RT.1/RW.3, Cilincing, Kec. Cilincing, Jkt Utara, Daerah Khusus Ibukota Jakarta 14130 "
105,Sukapura,CILINCING,SMA Negeri 83 Jakarta,"Alamat: Jl. Tipar Cakung No.4, RW.4, Sukapura, Kec. Cilincing, Jkt Utara, Daerah Khusus Ibukota Jakarta 14140 "
106,Marunda,CILINCING,Sekolah Menengah Kejuruan PGRI 3,"Alamat: Jl. Marunda Baru III No.13, RT.13/RW.3, Marunda, Kec. Cilincing, Jkt Utara, Daerah Khusus Ibukota Jakarta 14150 "
107,Kali Baru,CILINCING,Sekolah Menengah Kejuruan Al - Miftahiyyah,"Alamat: Jl. Kalibaru Barat 7 Jalan Muara Gedung No.17, RT.1/RW.4, Kali Baru, Kec. Cilincing, Jkt Utara, Daerah Khusus Ibukota Jakarta 14110 "
108,Kali Baru,CILINCING,Raka saputra,"Alamat: Jl. Kali Baru Barat IIA No.4, RT.1/RW.8, Kali Baru, Kec. Cilincing, Jkt Utara, Daerah Khusus Ibukota Jakarta 14110 "
109,Semper Tim.,CILINCING,SMA NEGERI 73 Jakarta,"Alamat: Jl. Cakung Cilincing Raya No.1, RT.8/RW.1, Semper Tim., Kec. Cilincing, Jkt Utara, Daerah Khusus Ibukota Jakarta 14130 "
110,Semper Tim.,CILINCING,Sekolah Menengah Pertama Kasih Immanuel,"Alamat: Jalan Swadaya I, blok B no 16, RT.2/RW.011, Semper Tim., Kec. Cilincing, Jkt Utara, Daerah Khusus Ibukota Jakarta 14130 "
111,Semper Tim.,CILINCING,"SMA NURUL FALAH, JAKARTA UTARA","Alamat: Jl. Cunda Manik Jl. Dewa Kembar No.2, RT.3/RW.1, Semper Tim., Kec. Cilincing, Jkt Utara, Daerah Khusus Ibukota Jakarta 14130 "
112,Rorotan,CILINCING,SMA Negeri 115 JAKARTA,"Alamat: Jl. Komp. Kantor k No.14, RW.6, Rorotan, Kec. Cilincing, Jkt Utara, Daerah Khusus Ibukota Jakarta 14140 "
113,Rorotan,CILINCING,Sekolah Menengah Umum Islam Madrasah Aliyah Al Wathoniyah 14 Jakarta,"Alamat: Kp. Kd Santri, Gg. 12 Madrasah Jl. Rorotan 2 No.1, RT.7/RW.4, Rorotan, Kec. Cilincing, Jkt Utara, Daerah Khusus Ibukota Jakarta 14140 "
114,Semper Bar.,CILINCING,SMA Negeri 92 JAKARTA,"Alamat: Jl. Komp. Pemadam Kebakaran No.17, RT.17/RW.1, Semper Bar., Kec. Cilincing, Jkt Utara, Daerah Khusus Ibukota Jakarta 14130 "
115,Semper Bar.,CILINCING,SMA NEGERI 75 Jakarta Utara,"Alamat: Jl. Tipar Cakung No.4, RW.4, Semper Bar., Kec. Cilincing, Jkt Utara, Daerah Khusus Ibukota Jakarta 14130 "
116,Semper Bar.,CILINCING,SMA Negeri 52 Jakarta Utara,"Alamat: Jl. Raya Tugu No.16, RT.1/RW.9, Semper Bar., Kec. Cilincing, Jkt Utara, Daerah Khusus Ibukota Jakarta 14130 "
117,Semper Bar.,CILINCING,SMA Nusantara,"Alamat: Gang No.13, Clincing,, Jl. Kramat Jaya Raya No.8, RT.5/RW.7, Semper Bar., Jakarta Utara, DKI Jakarta, Daerah Khusus Ibukota Jakarta 14130 "
118,Pademangan Tim.,PADEMANGAN,Sekolah SMA Santa Maria Della Strada,"Alamat: Gg. 7 No.18, RT.8/RW.4, Pademangan Tim., Kec. Pademangan, Jkt Utara, Daerah Khusus Ibukota Jakarta 14410 "
119,Pademangan Bar.,PADEMANGAN,SMA N 40 Jakarta,"Alamat: Jl. Budi Mulia No.8A, RT.8/RW.11, Pademangan Bar., Kec. Pademangan, Jkt Utara, Daerah Khusus Ibukota Jakarta 14420 "
120,Pademangan Bar.,PADEMANGAN,Sekolah Menengah Kejuruan Fajar Indah,"Alamat: Jl. Waspada Raya 1 No.30, RT.7/RW.10, Pademangan Bar., Kec. Pademangan, Jkt Utara, Daerah Khusus Ibukota Jakarta 14420 "
121,Klp. Gading Tim.,KELAPA GADING,SMA NEGERI 45 JAKARTA Utara,"Alamat: JL. PERINTIS KEMERDEKAAN, RT/RW 4/5 Dsn. -, Ds./Kel Kelapa Kec. Kelapa Gading Kota Jakarta Utara, RT.6/RW.6, Klp. Gading Tim., Kec. Klp. Gading, Jkt Utara, Daerah Khusus Ibukota Jakarta 14240 "
122,Pegangsaan Dua,KELAPA GADING,Sekolah Menengah Atas Marie Joseph,"Alamat: Pondok gading Utama, Jl. Puspa Gading 6 Blok H2 No.10, RT.5/RW.2, Pegangsaan Dua, Kec. Klp. Gading, Jkt Utara, Daerah Khusus Ibukota Jakarta 14250 "
123,Pegangsaan Dua,KELAPA GADING,SMA Don Bosco 1,"Alamat: 12, Jl. Boulevard Timur No.8, RT.12/RW.2, Pegangsaan Dua, Kec. Klp. Gading, Jkt Utara, Daerah Khusus Ibukota Jakarta 14250 "
124,Pegangsaan Dua,KELAPA GADING,Sekolah Menengah Kejuruan (SMK) Pariwisata Kasih Ananda & Akademi Pariwisata Bhakti Nusantara,"Alamat: JL Pegangsaan II, Km. 5, Kelapa Gading, Jl. Pegangsaan Dua No.169, RT.7/RW.3, Pegangsaan Dua, Kec. Klp. Gading, Jkt Utara, Daerah Khusus Ibukota Jakarta 14250 "
125,Klp. Gading Bar.,KELAPA GADING,SMA NEGERI 72 Jakarta Utara,"Alamat: Jl. Prihatin No.8, RW.2, Klp. Gading Bar., Kec. Klp. Gading, Jkt Utara, Daerah Khusus Ibukota Jakarta 14240 "
126,Klp. Gading Bar.,KELAPA GADING,SMAK 5 Penabur,"Alamat: Jalan Raya Kelapa Hybrida QG20, RT.12/RW.11, Klp. Gading Bar., Kec. Klp. Gading, Jkt Utara, Daerah Khusus Ibukota Jakarta 14240 "
127,Klp. Gading Bar.,KELAPA GADING,SPK Penabur Kelapa Gading,"Alamat: Jalan Boulevard Bukit Gading Raya Blok A5-A8 6, RT.6/RW.14, Klp. Gading Bar., Kec. Klp. Gading, Jkt Utara, Daerah Khusus Ibukota Jakarta 14240 "
128,Cengkareng Bar.,CENGKARENG,SMA Negeri 33 Jakarta,"Alamat: Jl. Kamal Raya No.54, RW.3, Cengkareng Bar., Kecamatan Cengkareng, Kota Jakarta Barat, Daerah Khusus Ibukota Jakarta 11730 "
129,Cengkareng Bar.,CENGKARENG,Sekolah Menengah Atas Al-HUDA,"Alamat: Jalan Utama Raya No.2, Cengkareng Barat, Cengkareng, RT.6/RW.3, Cengkareng Bar., Kecamatan Cengkareng, Kota Jakarta Barat, Daerah Khusus Ibukota Jakarta 11730 "
130,Cengkareng Bar.,CENGKARENG,Sekolah Menengah Atas St. Kristoforus II,"Alamat: Jl. Taman Palem Lestari Blok A-18, RT.12/RW.10, Cengkareng Bar., Kecamatan Cengkareng, Kota Jakarta Barat, Daerah Khusus Ibukota Jakarta 11730 "
131,Cengkareng Bar.,CENGKARENG,SMK Cengkareng 1 Jakarta,"Alamat: Jl. Bambu Larangan No.67, RW.5, Cengkareng Bar., Kecamatan Cengkareng, Kota Jakarta Barat, Daerah Khusus Ibukota Jakarta 11730 "
132,Duri Kosambi,CENGKARENG,Sekolah Menengah Atas Impian Bunda,"Alamat: Komplek Kosambi Baru, Timur, Jl. Flamboyan Utama III No.1A, RT.15/RW.10, Duri Kosambi, Kecamatan Cengkareng, Kota Jakarta Barat, Daerah Khusus Ibukota Jakarta 11750 "
133,Duri Kosambi,CENGKARENG,Sekolah Menengah Atas Cahaya Fadilah,"Alamat: Jl. Raya Duri Kosambi No.7, RT.13/RW.7, Duri Kosambi, Kecamatan Cengkareng, Kota Jakarta Barat, Daerah Khusus Ibukota Jakarta 11750 "
134,Duri Kosambi,CENGKARENG,SMA Kristen Kalam Kudus II,"Alamat: Jl. Angsana Utama II Blok F6 No.1, RT.3/RW.9, Duri Kosambi, Kecamatan Cengkareng, Kota Jakarta Barat, Daerah Khusus Ibukota Jakarta 11750 "
135,Duri Kosambi,CENGKARENG,Madrasah Aliyah Al-Itqon,"Alamat: Jl. H. Selong No.14, RT.5/RW.3, Duri Kosambi, Kecamatan Cengkareng, Kota Jakarta Barat, Daerah Khusus Ibukota Jakarta 11750 "
136,Rw. Buaya,CENGKARENG,Sekolah Menengah Kejuruan Lamaholot,"Alamat: Jl. Manggis Raya No.60A, RT.13/RW.8, Rw. Buaya, Kecamatan Cengkareng, Kota Jakarta Barat, Daerah Khusus Ibukota Jakarta 11740 "
137,Kapuk,CENGKARENG,Sekolah Menengah Atas Katolik Bintang Kejora,"Alamat: Jalan Taman Cengkareng Indah No.129, Kapuk, Cengkareng, RT.1/RW.14, Kapuk, Kecamatan Cengkareng, Kota Jakarta Barat, Daerah Khusus Ibukota Jakarta 11720 "
138,Kapuk,CENGKARENG,SMA Negeri 96 JAKARTA BARAT,"Alamat: Jl. Jati Raya No.40, RT.7/RW.12, Kapuk, Kecamatan Cengkareng, Kota Jakarta Barat, Daerah Khusus Ibukota Jakarta 11730 "
139,Kapuk,CENGKARENG,SMK Harapan Raya,"Alamat: Gg. Sinar No.5, RW.2, Kapuk, Kecamatan Cengkareng, Kota Jakarta Barat, Daerah Khusus Ibukota Jakarta 11720 "
140,Cengkareng Tim.,CENGKARENG,Sekolah Menengah Kejuruan IP Yakin,"Alamat: 3, Jl. Bangun Nusa Raya No.10, RT.3/RW.2, Cengkareng Tim., Kecamatan Cengkareng, Kota Jakarta Barat, Daerah Khusus Ibukota Jakarta 11730 "
141,Cengkareng Tim.,CENGKARENG,SMA Cinta Kasih Tzu Chi,"Alamat: Jl. Rumah Susun Cengkareng Indah Blok Kelapa No.A11, RT.7/RW.14, Cengkareng Tim., Kecamatan Cengkareng, Kota Jakarta Barat, Daerah Khusus Ibukota Jakarta 11730 "
142,Cengkareng Tim.,CENGKARENG,SMA Harapan Jaya 1,"Alamat: Jl. Daan Mogot KM. 13, Jl. Pelita No.1, RT.7/RW.1, Cengkareng Tim., Kecamatan Cengkareng, Kota Jakarta Barat, Daerah Khusus Ibukota Jakarta 11730 "
143,Cengkareng Tim.,CENGKARENG,SMA Cahaya Fadilah,"Alamat: Jalan Lingkar Luar Barat, RT.1/RW.2, Cengkareng Barat, Cengkareng, RT.1/RW.2, Cengkareng Tim., Kecamatan Cengkareng, Kota Jakarta Barat, Daerah Khusus Ibukota Jakarta 11750 "
144,Grogol,GROGOL PETAMBURAN,SMK & SMP Tanjung,"Alamat: Jl. Dr. Nurdin IV No.1, RW.7, Grogol, Kec. Grogol petamburan, Kota Jakarta Barat, Daerah Khusus Ibukota Jakarta 11450 "
145,Tj. Duren Utara,GROGOL PETAMBURAN,SMAK 1 BPK Penabur,"Alamat: 12, Jl. Tanjung Duren Raya No.4, RT.12/RW.2, Tj. Duren Utara, Kec. Grogol petamburan, Kota Jakarta Barat, Daerah Khusus Ibukota Jakarta 11470 "
146,Tomang,GROGOL PETAMBURAN,SMAN 23 Jakarta,"Alamat: Prov. D.K.I, Jl. Mandala Utara No.6, RT.7/RW.7, Tomang, Kec. Grogol petamburan, Kota Jakarta Barat, Daerah Khusus Ibukota Jakarta 11440 "
147,Tomang,GROGOL PETAMBURAN,SMA Muhammadiyah 13 Jakarta Barat,"Alamat: Jl. Gelong Baru No. 23 A, Tomang Raya, RT.12/RW.3, Tomang, Kec. Grogol petamburan, Kota Jakarta Barat, Daerah Khusus Ibukota Jakarta 11440 "
148,Jelambar,GROGOL PETAMBURAN,SMA Bunda Hati Kudus,"Alamat: 12, Jl. Rahayu No.22, RT.14/RW.4, Jelambar, Kec. Grogol petamburan, Kota Jakarta Barat, Daerah Khusus Ibukota Jakarta 11460 "
149,Jelambar,GROGOL PETAMBURAN,Sekolah Menengah Atas St. Kristoforus,"Alamat: Jl. Rahayu No.10, RT.14/RW.4, Jelambar, Kec. Grogol petamburan, Kota Jakarta Barat, Daerah Khusus Ibukota Jakarta 11460 "
150,Jelambar,GROGOL PETAMBURAN,Sekolah Menengah Atas Dharma Jaya,"Alamat: Jalan Kavling Polri Blok D-XV No.1, RT.7/RW.1, Jelambar, Kec. Grogol petamburan, Kota Jakarta Barat, Daerah Khusus Ibukota Jakarta 11460 "
151,Jelambar Baru,GROGOL PETAMBURAN,Sekolah Tinggi Teologi Indonesia Jakarta,"Alamat: Grha Kabar Baik, Jl. Pangeran Tubagus Angke No.20, Jelambar Baru, Kec. Grogol petamburan, Kota Jakarta Barat, Daerah Khusus Ibukota Jakarta 11460 "
152,Wijaya Kusuma,GROGOL PETAMBURAN,Sekolah Menengah Kejuruan Duta Mas,"Alamat: Jl. Wijaya VIII No.11, RW.9, Wijaya Kusuma, Kec. Grogol petamburan, Kota Jakarta Barat, Daerah Khusus Ibukota Jakarta 11460 "
153,Wijaya Kusuma,GROGOL PETAMBURAN,SEKOLAH MENENGAH ATAS KRISTEN ALMASIH,"Alamat: Blok E1 Jl. Kusuma V No.1, RT.11/RW.5, Wijaya Kusuma, Kec. Grogol petamburan, Kota Jakarta Barat, Daerah Khusus Ibukota Jakarta 11460 "
154,Wijaya Kusuma,GROGOL PETAMBURAN,Sma Tunas Harapan,"Alamat: Jl. Perdana Kusuma No.RT.6, RT.2/RW.4, Wijaya Kusuma, Kec. Grogol petamburan, Kota Jakarta Barat, Daerah Khusus Ibukota Jakarta 11460 "
155,Wijaya Kusuma,GROGOL PETAMBURAN,SMA Kristen Pancaran Rakyat,"Alamat: Jl Setia Jaya Raya 100 RT 004%2F06 Jelambar Grogol Petamburan Jakarta Barat DKI Jakarta, RT.7/RW.6, Wijaya Kusuma, Kec. Grogol petamburan, Kota Jakarta Barat, Daerah Khusus Ibukota Jakarta 11460 "
156,Taman Sari,TAMAN SARI,Sekolah Menengah Kejuruan Permata Bunda II,"Alamat: Jl. Taman Sari No.1, RT.12/RW.1, Taman Sari, Kec. Taman Sari, Kota Jakarta Barat, Daerah Khusus Ibukota Jakarta 11150 "
157,Taman Sari,TAMAN SARI,SMA NEGERI 17 Jakarta Barat,"Alamat: Jl. Mangga Besar IV I No.27, RW.1, Taman Sari, Kec. Taman Sari, Kota Jakarta Barat, Daerah Khusus Ibukota Jakarta 11150 "
158,Krukut,TAMAN SARI,SMK Negeri 35 Jakarta Barat,"Alamat: Jl. Kerajinan Kebun Sayur No.42, RT.15/RW.10, Krukut, Kec. Taman Sari, Kota Jakarta Barat, Daerah Khusus Ibukota Jakarta 11140 "
159,Tangki,TAMAN SARI,Sekolah Menengah Atas Santo Leo,"Alamat: Jl. Raya Mangga Besar No.43, RT.1/RW.3, Tangki, Kec. Taman Sari, Kota Jakarta Barat, Daerah Khusus Ibukota Jakarta 11170 "
160,Mangga Besar,TAMAN SARI,Sekolah Menengah Atas Sentosa Pagi,"Alamat: 11180, Jl. Madu No.276, RT.3/RW.3, Mangga Besar, Kec. Taman Sari, Kota Jakarta Barat, Daerah Khusus Ibukota Jakarta 11180 "
161,Keagungan,TAMAN SARI,Sekolah Menengah Atas Negeri 2 Jakarta Barat,"Alamat: Jl. Gajah Mada No.175, RW.5, Keagungan, Kec. Taman Sari, Kota Jakarta Barat, Daerah Khusus Ibukota Jakarta 11130 "
162,Keagungan,TAMAN SARI,STM Camp Java 67,"Alamat: RRW6+5H4, Jl. Kp. Jawa Kb. Sayur, RT.12/RW.10, Keagungan, Kec. Taman Sari, Kota Jakarta Barat, Daerah Khusus Ibukota Jakarta "
163,Tambora,TAMBORA,SMA Islam Tambora,"Alamat: Jl. Tambora I No.11, RT.8/RW.3, Tambora, Kec. Tambora, Kota Jakarta Barat, Daerah Khusus Ibukota Jakarta 11220 "
164,Tambora,TAMBORA,SMA Negeri 19 Jakarta,"Alamat: 10, Jl. Perniagaan Raya No.31, RW.1, Tambora, Kec. Tambora, Kota Jakarta Barat, Daerah Khusus Ibukota Jakarta 11220 "
165,Kali Anyar,TAMBORA,SMK Islam Bahagia,"Alamat: Jalan Persima Raya No.15, RT.4/RW.4, Kali Anyar, Kec. Tambora, Kota Jakarta Barat, Daerah Khusus Ibukota Jakarta 11310 "
166,Duri Utara,TAMBORA,SMA PELITA,"Alamat: Jl. Pos Duri Raya No.23-29, RT.2/RW.6, Duri Utara, Kec. Tambora, Kota Jakarta Barat, Daerah Khusus Ibukota Jakarta 11270 "
167,Duri Utara,TAMBORA,Sekolah Menengah Kejuruan Cindera Mata Indah,"Alamat: Jl. Duri (Tss Raya) No.86, RT.1/RW.5, Duri Utara, Kec. Tambora, Kota Jakarta Barat, Daerah Khusus Ibukota Jakarta 11270 "
168,Angke,TAMBORA,Sekolah Menengah Atas Dhammasavana,"Alamat: Jl. Pangeran Tubagus Angke No.431, RT.15/RW.2, Angke, Kec. Tambora, Kota Jakarta Barat, Daerah Khusus Ibukota Jakarta 11330 "
169,Angke,TAMBORA,SMA Dhammasavana,"Alamat: Jl, Jl. Pada Mulya VI No.176 B, Angke, Kec. Tambora, Kota Jakarta Barat, Daerah Khusus Ibukota Jakarta 11330 "
170,Pekojan,TAMBORA,SMK Negeri 9 Jakarta Barat,"Alamat: Jl. Gedong Panjang II No.17, Pekojan, Kec. Tambora, Kota Jakarta Barat, Daerah Khusus Ibukota Jakarta 11240 "
171,Sukabumi Sel.,KEBON JERUK,SMK Negeri 45 Jakarta,"Alamat: Jl. Kpbd No.9, RT.9/RW.1, Sukabumi Sel., Kec. Kb. Jeruk, Kota Jakarta Barat, Daerah Khusus Ibukota Jakarta 11560 "
172,Duri Kepa,KEBON JERUK,SMA Yadika 1 Duri Kepa,"Alamat: Jalan Taman Ratu Indah Blok EE 5 No.5, RT.9/RW.1, Duri Kepa, Kebonjeruk, West Jakarta City, Jakarta 11510 "
173,Duri Kepa,KEBON JERUK,SMA WARDAYA,"Alamat: Taman Ratu Indah, Blk. F No.13, RT.10/RW.13, Duri Kepa, Kec. Kb. Jeruk, Daerah Khusus Ibukota Jakarta 11510 "
174,Duri Kepa,KEBON JERUK,SMA Abdi Siswa,"Alamat: Jl. Patra, RT.1/RW.3, Duri Kepa, Kec. Kb. Jeruk, Kota Jakarta Barat, Daerah Khusus Ibukota Jakarta 11510 "
175,Duri Kepa,KEBON JERUK,SMK Putra Mandiri,"Alamat: Jl. Asia Baru No.60, RT.10/RW.4, Duri Kepa, Kec. Kb. Jeruk, Kota Jakarta Barat, Daerah Khusus Ibukota Jakarta 12540 "
176,Kedoya Utara,KEBON JERUK,SMA NEGERI 57 Jakarta Barat,"Alamat: Jl. Kedoya Raya, RT.11/RW.6, Kedoya Utara, Kec. Kb. Jeruk, Kota Jakarta Barat, Daerah Khusus Ibukota Jakarta 11520 "
177,Kedoya Utara,KEBON JERUK,SMK Al - Hamidiyah,"Alamat: Jl. Kedoya Raya Seletan No.50, RT.8/RW.2, Kedoya Utara, Kec. Kb. Jeruk, Kota Jakarta Barat, Daerah Khusus Ibukota Jakarta 11520 "
178,Kec. Kalideres,KALIDERES,SMA Negeri 56 Jakarta,"Alamat: Jl. Kamal Raya, Tegal Alur, Kec. Kalideres, Kota Jakarta Barat, Daerah Khusus Ibukota Jakarta 11820 "
179,Kec. Kalideres,KALIDERES,SMA San Marino,"Alamat: Jalan Citra Garden 1 Blok B1 No.1, RT.16/RW.9, Kalideres, Kec. Kalideres, Kota Jakarta Barat, Daerah Khusus Ibukota Jakarta 11840 "
180,Kec. Kalideres,KALIDERES,Madrasah Aliyah Da'il Khairaat (Yayasan Da'il Khairaat),"Alamat: Jl. Peta Barat No.110B, RT.6/RW.18, Pegadungan, Kec. Kalideres, Kota Jakarta Barat, Daerah Khusus Ibukota Jakarta 11830 "
181,Semanan,KALIDERES,SMAN 94 Jakarta,"Alamat: 5, Jl. SMA 94 Jl. Semanan Raya No.27, RT.4/RW.3, Semanan, Kec. Kalideres, Kota Jakarta Barat, Daerah Khusus Ibukota Jakarta 11850 "
182,Semanan,KALIDERES,SMA Tunas Indonesia,"Alamat: Jl. Duri Semanan No.Rt. 001/001, RT.2/RW.6, Semanan, Kec. Kalideres, Kota Jakarta Barat, Daerah Khusus Ibukota Jakarta 11850 "
183,Tegal Alur,KALIDERES,SMA Negeri 56 Jakarta,"Alamat: Jl. Kamal Raya, Tegal Alur, Kec. Kalideres, Kota Jakarta Barat, Daerah Khusus Ibukota Jakarta 11820 "
184,Tegal Alur,KALIDERES,SMP - SMK CITRA UTAMA,"Alamat: Jl. Lingkungan III No.6, RW.3, Tegal Alur, Kec. Kalideres, Kota Jakarta Barat, Daerah Khusus Ibukota Jakarta 11820 "
185,Tegal Alur,KALIDERES,Kampus 3 SMK PATRIOT NUSANTARA,"Alamat: Jl. Kamal Raya No.12, RT.12/RW.3, Tegal Alur, Kec. Kalideres, Kota Jakarta Barat, Daerah Khusus Ibukota Jakarta 11820 "
186,Pegadungan,KALIDERES,SMA NEGERI 95 JAKARTA,"Alamat: Jl. Satu Maret No.49, RT.2/RW.4, Pegadungan, Kec. Kalideres, Kota Jakarta Barat, Daerah Khusus Ibukota Jakarta 11830 "
187,Pegadungan,KALIDERES,Sekolah Menengah Atas Fajrul Islam,"Alamat: Jl. Tj. Pura V No.5B, Pegadungan, Kec. Kalideres, Kota Jakarta Barat, Daerah Khusus Ibukota Jakarta 11830 "
188,Pegadungan,KALIDERES,Sekolah Menengah Atas Galatia 3,"Alamat: Jl. Bambu Larangan No.57, RT.4/RW.19, Pegadungan, Kec. Kalideres, Kota Jakarta Barat, Daerah Khusus Ibukota Jakarta 11830 "
189,Pegadungan,KALIDERES,SMP & SMA MENTARI INTERCULTURAL SCHOOL GRAND SURYA,"Alamat: Taman Surya 6 JL. Paradise Utara Blok Paradise 16, RT.3/RW.4, Pegadungan, Kec. Kalideres, Kota Jakarta Barat, Daerah Khusus Ibukota Jakarta 11830 "
190,Kec. Palmerah,PALMERAH,SMA Negeri 16 Jakarta Barat,"Alamat: Jl. Belibis Terusan No.16, RT.7/RW.2, Palmerah, Kec. Palmerah, Kota Jakarta Barat, Daerah Khusus Ibukota Jakarta 11480 "
191,Kec. Palmerah,PALMERAH,SMA Josua School 2,"Alamat: Jl. Kota Bambu Utara II No.8, RT.16/RW.3, Kota Bambu Utara, Kec. Palmerah, Kota Jakarta Barat, Daerah Khusus Ibukota Jakarta 11420 "
192,Kec. Palmerah,PALMERAH,SMA Negeri 78 JAKARTA BARAT,"Alamat: Komplek Pajak, Jl. Bhakti IV No.1, Kemanggisan, Kec. Palmerah, Kota Jakarta Barat, Daerah Khusus Ibukota Jakarta 11480 "
193,Kec. Palmerah,PALMERAH,Sekolah Menengah Kesejahteraan Keluarga Ibu Pertiwi Jakarta,"Alamat: Jl. Letjen S. Parman No.69, RT.9/RW.3, Slipi, Kec. Palmerah, Kota Jakarta Barat, Daerah Khusus Ibukota Jakarta 11410 "
194,Slipi,PALMERAH,Sekolah Menengah Kesejahteraan Keluarga Ibu Pertiwi Jakarta,"Alamat: Jl. Letjen S. Parman No.69, RT.9/RW.3, Slipi, Kec. Palmerah, Kota Jakarta Barat, Daerah Khusus Ibukota Jakarta 11410 "
195,Slipi,PALMERAH,SMA 1 Barunawati,"Alamat: Jl. Aipda KS Tubun II/III Jl. Slipi III No.7, RW.1, Slipi, Kec. Palmerah, Kota Jakarta Barat, Daerah Khusus Ibukota Jakarta 11410 "
196,Kota Bambu Utara,PALMERAH,SMA Josua School 2,"Alamat: Jl. Kota Bambu Utara II No.8, RT.16/RW.3, Kota Bambu Utara, Kec. Palmerah, Kota Jakarta Barat, Daerah Khusus Ibukota Jakarta 11420 "
197,Jatipulo,PALMERAH,SMK Islam Tomang Raya,"Alamat: Jl. Kemuning No.14 A, RT.5/RW.1, Jatipulo, Kec. Palmerah, Kota Jakarta Barat, Daerah Khusus Ibukota Jakarta 11430 "
198,Kemanggisan,PALMERAH,SMA Muhammadiyah 15 Jakarta,"Alamat: Jl. Anggrek Neli Murni No.1, RT.7/RW.1, Kemanggisan, Palmerah, West Jakarta City, Jakarta 11480 "
199,Kemanggisan,PALMERAH,SMA Negeri 78 JAKARTA BARAT,"Alamat: Komplek Pajak, Jl. Bhakti IV No.1, Kemanggisan, Kec. Palmerah, Kota Jakarta Barat, Daerah Khusus Ibukota Jakarta 11480 "
200,KEMBANGAN UTARA,KEMBANGAN,SMK PGRI 2 Jakarta,"Alamat: Jl. Cengkareng Drain Tim. No.1, Kembangan Utara, Kec. Kembangan, Kota Jakarta Barat, Daerah Khusus Ibukota Jakarta 11610 "
201,KEMBANGAN UTARA,KEMBANGAN,Gina,"Alamat: 9, Jl. Masar V No.3, RT.9/RW.3, Kembangan Utara, Kec. Kembangan, Kota Jakarta Barat, Daerah Khusus Ibukota Jakarta 11610 "
202,Meruya Utara,KEMBANGAN,SMA Negeri 112 Jakarta,"Alamat: Jl. Pesanggrahan No.2, RT.10/RW.5, Meruya Utara, Kec. Kembangan, Kota Jakarta Barat, Daerah Khusus Ibukota Jakarta 11620 "
203,Meruya Utara,KEMBANGAN,SMA Kristen Samaria Kudus,"Alamat: Jl. Meruya Ilir Raya No.17, RT.1/RW.11, Meruya Utara, Kec. Kembangan, Kota Jakarta Barat, Daerah Khusus Ibukota Jakarta 11620 "
204,Meruya Utara,KEMBANGAN,Sekolah Menengah Pertama Patmos,"Alamat: Jl. Safir Raya No.7, RT.18/RW.4, Meruya Utara, Kec. Kembangan, Kota Jakarta Barat, Daerah Khusus Ibukota Jakarta 11620 "
205,Meruya Utara,KEMBANGAN,SMK REFORMASI,"Alamat: Jl. Pesanggrahan No.25, RT.10/RW.5, Meruya Utara, Kec. Kembangan, Kota Jakarta Barat, Daerah Khusus Ibukota Jakarta 11620 "
206,Srengseng,KEMBANGAN,SMA NEGERI 85 Jakarta Barat,"Alamat: Jalan Komplek Migas No.41, RT.4/RW.3, Srengseng, Kec. Kembangan, Kota Jakarta Barat, Daerah Khusus Ibukota Jakarta 11630 "
207,Srengseng,KEMBANGAN,SMK Satria,"Alamat: 5, Jl. Srengseng Raya No.26, Srengseng, Kec. Kembangan, Daerah Khusus Ibukota Jakarta 11630 "
208,Srengseng,KEMBANGAN,SMK Bina Insan Mandiri,"Alamat: Jl. Meruya Ilir Raya Jl. Musdalifah Blok A, RT.1/RW.1, Srengseng, Kec. Kembangan, Kota Jakarta Barat, Daerah Khusus Ibukota Jakarta 11630 "
209,Joglo,KEMBANGAN,SMA NEGERI 101 Jakarta,"Alamat: Jl. Joglo Baru No.12, RW.6, Joglo, Kec. Kembangan, Kota Jakarta Barat, Daerah Khusus Ibukota Jakarta 11640 "
210,Joglo,KEMBANGAN,SMA Sumpah Pemuda,"Alamat: Jl. Joglo Raya Prapatan No.36, Joglo, Kec. Kembangan, Kota Jakarta Barat, Daerah Khusus Ibukota Jakarta 11640 "
211,Kembangan Sel.,KEMBANGAN,Sekolah Menengah Kejuruan Pelayaran Taruna Bahari,"Alamat: RQ84+CCW, Jl. Puri Kembangan, RT.11/RW.5, Kembangan Sel., Kec. Kembangan, Kota Jakarta Barat, Daerah Khusus Ibukota Jakarta 11520 "
212,Tebet Tim.,TEBET,SMA Muhammadiyah 5 Jakarta,"Alamat: Jl. Tebet Timur Raya No.565, RT.10/RW.5, Tebet Tim., Kec. Tebet, Kota Jakarta Selatan, Daerah Khusus Ibukota Jakarta 12820 "
213,Tebet Bar.,TEBET,Sekolah Menengah Atas Negeri 26 Jakarta,"Alamat: Jl. Tebet Barat IV No.7, RT.7/RW.2, Tebet Bar., Kec. Tebet, Kota Jakarta Selatan, Daerah Khusus Ibukota Jakarta 12810 "
214,Tebet Bar.,TEBET,SMA Dewi Sartika,"Alamat: Jl. Tebet Barat Dalam Raya No.39-41, Tebet Bar., Kec. Tebet, Kota Jakarta Selatan, Daerah Khusus Ibukota Jakarta 12810 "
215,Menteng Dalam,TEBET,Sekolah Menengah Atas Yasporbi I,"Alamat: Jl. Deposito 1 No.1, RT.1/RW.8, Menteng Dalam, Kec. Tebet, Kota Jakarta Selatan, Daerah Khusus Ibukota Jakarta 12870 "
216,Menteng Dalam,TEBET,SMA ASISI SANTO FRANSISKUS,"Alamat: Jl. H. Ramli No.24, RW.3, Menteng Dalam, Kec. Tebet, Kota Jakarta Selatan, Daerah Khusus Ibukota Jakarta 12870 "
217,Kb. Baru,TEBET,SMA NEGERI 37 Jakarta,"Alamat: Jl. H Barat No.40, RT.6/RW.6, Kb. Baru, Kec. Tebet, Kota Jakarta Selatan, Daerah Khusus Ibukota Jakarta 12830 "
218,Bukit Duri,TEBET,SMA Negeri 8 JAKARTA SELATAN,"Alamat: Jl. Taman Bukit Duri No.2, RW.12, Bukit Duri, Kec. Tebet, Kota Jakarta Selatan, Daerah Khusus Ibukota Jakarta 12840 "
219,Bukit Duri,TEBET,Sekolah Menengah Atas Islam As-Syafi'iyah 01,"Alamat: Jl. Bukit Duri Selatan No.29, RT.8/RW.3, Bukit Duri, Kec. Tebet, Kota Jakarta Selatan, Daerah Khusus Ibukota Jakarta 12840 "
220,Bukit Duri,TEBET,SMA SWASTA HOBI4D,"Alamat: Jl. Bukit Duri No.3, RW.12, Bukit Duri, Kec. Tebet, Kota Jakarta Selatan, Daerah Khusus Ibukota Jakarta 12840 "
221,Bukit Duri,TEBET,SMA ISLAM AS SYAFI'IAH,"Alamat: Jl. Bukit Duri Selatan No.12, RT.8/RW.3, Bukit Duri, Kec. Tebet, Kota Jakarta Selatan, Daerah Khusus Ibukota Jakarta 12840 "
222,Manggarai Sel.,TEBET,SMP SMA Kemala Bhayangkari 1Kubu Raya,"Alamat: Jl. Keselamatan No.12, RW.1, Manggarai Sel., Kec. Tebet, Kota Jakarta Selatan, Daerah Khusus Ibukota Jakarta 12860 "
223,Manggarai,TEBET,Sekolah Menengah Atas Yayasan Memajukan Ilmu Dan Kebudayaan 1,"Alamat: Jl. Manggarai Utara VII No.145, RT.15/RW.4, Manggarai, Kec. Tebet, Kota Jakarta Selatan, Daerah Khusus Ibukota Jakarta 12850 "
224,Manggarai,TEBET,Sekolah Menengah Atas Yayasan Memajukan Ilmu Dan Kebudayaan 2,"Alamat: 15, Jl. Manggarai Utara VII No.43, RT.8/RW.4, Manggarai, Kec. Tebet, Kota Jakarta Selatan, Daerah Khusus Ibukota Jakarta 12850 "
225,Manggarai,TEBET,SMK YPK KESATUAN JAKARTA,"Alamat: Jl. Manggarai Utara VII, Manggarai, Kec. Tebet, Kota Jakarta Selatan, Daerah Khusus Ibukota Jakarta 12850 "
226,Karet Semanggi,SETIA BUDI,SMK NEGERI 1 TELAWANG,"Alamat: Jl. Jend. Sudirman No.Km 89, RW.4, Karet Semanggi, Kecamatan Setiabudi, Kota Jakarta Selatan, Daerah Khusus Ibukota Jakarta 12930 "
227,Karet Kuningan,SETIA BUDI,SMK Muhammadiyah 15,"Alamat: No. 4, Jl. Karet Belakang Barat No.10, RW.2, Kuningan, Karet Kuningan, Kecamatan Setiabudi, Kota Jakarta Selatan, Daerah Khusus Ibukota Jakarta 12940 "
228,Karet Kuningan,SETIA BUDI,Sekolah Tinggi Teologi Indonesia Jakarta,"Alamat: Ebenezer Building, Jl. Setiabudi Selatan Raya No.1, Kuningan, Karet Kuningan, Kecamatan Setiabudi, Kota Jakarta Selatan, Daerah Khusus Ibukota Jakarta 12940 "
229,Menteng Atas,SETIA BUDI,SMA NEGERI 79 Jakarta Selatan,"Alamat: QRHQ+37F, Jl. Menteng Pulo Ujung, RT.17/RW.1, Menteng Atas, Kecamatan Setiabudi, Kota Jakarta Selatan, Daerah Khusus Ibukota Jakarta 12960 "
230,Menteng Atas,SETIA BUDI,SMA NEGERI 43 Jakarta Selatan,"Alamat: Jl. Minangkabau Dalam No.15, RT.15/RW.6, Menteng Atas, Kecamatan Setiabudi, Kota Jakarta Selatan, Daerah Khusus Ibukota Jakarta 12960 "
231,Menteng Atas,SETIA BUDI,SDN Menteng Atas 21,"Alamat: Jl. Menteng Pulo Ujung No.21, RT.17/RW.1, Menteng Atas, Kecamatan Setiabudi, Kota Jakarta Selatan, Daerah Khusus Ibukota Jakarta 12960 "
232,Menteng Atas,SETIA BUDI,SDN Menteng Atas 11,"Alamat: No.Dalam, Jl. Minangkabau Barat, RT.12/RW.6, Menteng Atas, Kecamatan Setiabudi, Kota Jakarta Selatan, Daerah Khusus Ibukota Jakarta 12960 "
233,Ps. Manggis,SETIA BUDI,Sekolah Menengah Kejuruan Yaspen (SMP-SMK YASPEN),"Alamat: Jl. Mentang Wadas Tengah No.30, RT.8/RW.6, Ps. Manggis, Kecamatan Setiabudi, Kota Jakarta Selatan, Daerah Khusus Ibukota Jakarta 12970 "
234,Ps. Manggis,SETIA BUDI,Sekolah Menengah Atas Trisula Pewari 1,"Alamat: Jl. Pariaman No.17, RT.12/RW.10, Ps. Manggis, Kecamatan Setiabudi, Kota Jakarta Selatan, Daerah Khusus Ibukota Jakarta 12970 "
235,Ps. Manggis,SETIA BUDI,Hhk,"Alamat: Jl. Minangkabau Barat No.28b, RW.8, Ps. Manggis, Kecamatan Setiabudi, Kota Jakarta Selatan, Daerah Khusus Ibukota Jakarta 12970 "
236,Kuningan Tim.,SETIA BUDI,Madrasah Aliyah Rumah pendidikan islam,"Alamat: Jl. HR Rasuna Said Kav 2-2 Gg RPI 1 Kuningan Timur Setiabudi Jakarta Selatan DKI Jakarta, RT.6/RW.4, Kuningan Tim., Kecamatan Setiabudi, Kota Jakarta Selatan, Daerah Khusus Ibukota Jakarta 12950 "
237,Mampang Prpt.,MAMPANG PRAPATAN,Sekolah Menengah Kejuruan Budisatria,"Alamat: Jl. Mampang Prapatan I No.3, RT.8/RW.6, Mampang Prpt., Kec. Mampang Prpt., Kota Jakarta Selatan, Daerah Khusus Ibukota Jakarta 12790 "
238,Bangka,MAMPANG PRAPATAN,SMA NEGERI 60 Jakarta Selatan,"Alamat: Jl. Kemang Tim. I No.6, RW.4, Bangka, Kec. Mampang Prpt., Kota Jakarta Selatan, Daerah Khusus Ibukota Jakarta 12730 "
239,Bangka,MAMPANG PRAPATAN,Sekolah Menengah Kejuruan (SMK) Bina Putra,"Alamat: Jl. Kemang Timur No.50, RW.3, Bangka, Kec. Mampang Prpt., Kota Jakarta Selatan, Daerah Khusus Ibukota Jakarta 12730 "
240,Pela Mampang,MAMPANG PRAPATAN,SMP Palapa,"Alamat: Jl. Bangka III No.3, RT.1/RW.2, Pela Mampang, Kec. Mampang Prpt., Kota Jakarta Selatan, Daerah Khusus Ibukota Jakarta 12720 "
241,Pela Mampang,MAMPANG PRAPATAN,Sekolah Menengah Pertama Islam Terpadu Al-Hikmah,"Alamat: Jl. Bangka II No.24, RT.8/RW.3, Pela Mampang, Kec. Mampang Prpt., Kota Jakarta Selatan, Daerah Khusus Ibukota Jakarta 12720 "
242,Tegal Parang,MAMPANG PRAPATAN,SMAS 28 OKTOBER 1928,"Alamat: QR2P+226, Jl. Mampang Prapatan XI, RT.1/RW.4, Tegal Parang, Kec. Mampang Prpt., Kota Jakarta Selatan, Daerah Khusus Ibukota Jakarta 12790 "
243,Tegal Parang,MAMPANG PRAPATAN,Madrasah Aliyah Saadatuddarain,"Alamat: Jl. Mampang Prpt. Raya No.103, RT.13/RW.1, Tegal Parang, Kec. Mampang Prpt., Kota Jakarta Selatan, Daerah Khusus Ibukota Jakarta 12790 "
244,Kuningan Bar.,MAMPANG PRAPATAN,Seksi Hak Atas Tanah,"Alamat: Jl. Kuningan Barat Raya No.2, RT.6/RW.3, Kuningan Bar., Kec. Mampang Prpt., Kota Jakarta Selatan, Daerah Khusus Ibukota Jakarta 12710 "
245,Kuningan Bar.,MAMPANG PRAPATAN,Ihbs,"Alamat: QR7C+MCF, Jl. Kuningan Barat Raya, RT.6/RW.3, Kuningan Bar., Kec. Mampang Prpt., Kota Jakarta Selatan, Daerah Khusus Ibukota Jakarta 12710 "
246,Jati Padang,PASAR MINGGU,SMA NEGERI 28 Jakarta,"Alamat: Jl. Raya Ragunan No.33, RW.7, Jati Padang, Ps. Minggu, Kota Jakarta Selatan, Daerah Khusus Ibukota Jakarta 12540 "
247,Jati Padang,PASAR MINGGU,AL-MUHAJIRIN,"Alamat: Saruji, Jl. H.A Wahid, Jati Padang, Ps. Minggu, Kota Jakarta Selatan, Daerah Khusus Ibukota Jakarta 12540 "
248,CILANDAK TIMUR,PASAR MINGGU,Sekolah Menengah Atas Sumbangsih,"Alamat: Jalan Ampera Raya No. 3-4, Cilandak Timur, RT.2/RW.2, Cilandak Tim., Ps. Minggu, Kota Jakarta Selatan, Daerah Khusus Ibukota Jakarta 12560 "
249,Ragunan,PASAR MINGGU,SMA KOLESE GONZAGA,"Alamat: Jl. Pejaten Barat 10A RT.02/10, RT.2/RW.10, Ragunan, Ps. Minggu, Kota Jakarta Selatan, Daerah Khusus Ibukota Jakarta 12550 "
250,Ragunan,PASAR MINGGU,SMK KEMALA BHAYANGKARI DELOG,"Alamat: Jl. C No.1, RW.6, Ragunan, Ps. Minggu, Kota Jakarta Selatan, Daerah Khusus Ibukota Jakarta 12550 "
251,Ragunan,PASAR MINGGU,Sma Kemala Bhayangkari 1,"Alamat: Jl. C No.1, RT.1/RW.6, Ragunan, Ps. Minggu, Kota Jakarta Selatan, Daerah Khusus Ibukota Jakarta 12540 "
252,Pejaten Timur,PASAR MINGGU,SMA Bunda Kandung,"Alamat: Jl. Poltangan Raya No.41, RT.2/RW.10, Pejaten Timur, Ps. Minggu, Kota Jakarta Selatan, Daerah Khusus Ibukota Jakarta 12510 "
253,Pejaten Timur,PASAR MINGGU,SMK Yapimda,"Alamat: Jl. Poltangan III No.97, RT.6/RW.10, Pejaten Timur, Ps. Minggu, Kota Jakarta Selatan, Daerah Khusus Ibukota Jakarta 12510 "
254,Pejaten Bar.,PASAR MINGGU,SMA Islam Al Azhar 2 Pejaten,"Alamat: Jl. Siaga Raya, Pejaten Bar., Ps. Minggu, Kota Jakarta Selatan, Daerah Khusus Ibukota Jakarta 12510 "
255,Pejaten Bar.,PASAR MINGGU,SMK Negeri 8 Jakarta,"Alamat: Jl. Pejaten Raya, RT.6/RW.6, Pejaten Bar., Ps. Minggu, Kota Jakarta Selatan, Daerah Khusus Ibukota Jakarta 12510 "
256,Kebagusan,PASAR MINGGU,SMA QURAN AL IHSAN,"Alamat: Jl. Baung IV No.43, RT.3/RW.6, Kebagusan, Ps. Minggu, Kota Jakarta Selatan, Daerah Khusus Ibukota Jakarta 12520 "
257,Kebagusan,PASAR MINGGU,Khajrana,"Alamat: colony, Gg. Jakaria No.44, RT.2/RW.7, Kebagusan, Pasar Minggu, South Jakarta City, Jakarta 12520 "
258,Kebagusan,PASAR MINGGU,SMK WISATA INDONESIA {Sekolah Menengah Kejuruan},"Alamat: JL. Raya Lenteng Agung / Jl. Langgar Rt. 009/003 No. 1, Kebagusan, Ps. Minggu, Kota Jakarta Selatan, Daerah Khusus Ibukota Jakarta 12520 "
259,Kby. Lama Utara,KEBAYORAN LAMA,SMA NEGERI 47 Jakarta,"Alamat: Jl. Delman Utama I No.1, RT.1/RW.11, Kby. Lama Utara, Kec. Kby. Lama, Kota Jakarta Selatan, Daerah Khusus Ibukota Jakarta 12240 "
260,Kby. Lama Utara,KEBAYORAN LAMA,SMA NEGERI 29 Jakarta Selatan,"Alamat: Jl. Kramat No.6, RW.1, Kby. Lama Utara, Kec. Kby. Lama, Kota Jakarta Selatan, Daerah Khusus Ibukota Jakarta 12240 "
261,Kby. Lama Utara,KEBAYORAN LAMA,Sma Don Bosco Pondok Indah,"Alamat: Jl. Ciputat Raya No.3c, RT.11/RW.1, Kby. Lama Utara, Kec. Kby. Lama, Kota Jakarta Selatan, Daerah Khusus Ibukota Jakarta 12240 "
262,Pd. Pinang,KEBAYORAN LAMA,SMA Bakti Mulya 400,"Alamat: Jl. Lingkar Selatan, Pondok Pinang Barat, RT.4/RW.7, Pondok Pinang, Kebayoran Lama, Jl. R.A.Kartini No.3, RT.4/RW.7, Pd. Pinang, Kec. Kby. Lama, Kota Jakarta Selatan, Daerah Khusus Ibukota Jakarta 12310 "
263,Pd. Pinang,KEBAYORAN LAMA,SMK Pondok Indah,"Alamat: Jl. Pupan No.29, RT.6/RW.8, Pd. Pinang, Kec. Kby. Lama, Kota Jakarta Selatan, Daerah Khusus Ibukota Jakarta 12310 "
264,Cipulir,KEBAYORAN LAMA,SMK Muhammadiyah 9 Jakarta,"Alamat: Jl. Panjang No.30C, RT.2/RW.8, Cipulir, Kec. Kby. Lama, Kota Jakarta Selatan, Daerah Khusus Ibukota Jakarta 12230 "
265,Cipulir,KEBAYORAN LAMA,SMA Hang Tuah 1,"Alamat: Jl. Samudra No.1, RW.6, Cipulir, Kec. Kby. Lama, Kota Jakarta Selatan, Daerah Khusus Ibukota Jakarta 12230 "
266,Cipulir,KEBAYORAN LAMA,SMK Negeri 43 Jakarta,"Alamat: 4, Jl. Cipulir 1 No.1 1 4, RT.1/RW.4, Cipulir, Kec. Kby. Lama, Kota Jakarta Selatan, Daerah Khusus Ibukota Jakarta 12230 "
267,Cipulir,KEBAYORAN LAMA,SMA Muhammadiyah 18,"Alamat: Jl. Panjang No.19, RT.8/RW.9, Cipulir, Kec. Kby. Lama, Kota Jakarta Selatan, Daerah Khusus Ibukota Jakarta 12230 "
268,Grogol Utara,KEBAYORAN LAMA,SMAN 3 CIKAMPEK,"Alamat: QQMJ+W59, Jl. Biduri, RW.1, Grogol Utara, Kec. Kby. Lama, Kota Jakarta Selatan, Daerah Khusus Ibukota Jakarta 12210 "
269,Grogol Sel.,KEBAYORAN LAMA,SMA Negeri 32 Jakarta,"Alamat: Jl. Panjang Cidodol, RT.1/RW.6, Grogol Sel., Kec. Kby. Lama, Kota Jakarta Selatan, Daerah Khusus Ibukota Jakarta 12220 "
270,Kby. Lama Sel.,KEBAYORAN LAMA,SMA Negeri 74 Jakarta Selatan,"Alamat: Jl. Darma Putra XI No.10, RT.10/RW.7, Kby. Lama Sel., Kec. Kby. Lama, Kota Jakarta Selatan, Daerah Khusus Ibukota Jakarta 12240 "
271,Cilandak Bar.,CILANDAK,SMK Bakti Idhata,"Alamat: Jl. Melati No.25, RT.13/RW.10, Cilandak Bar., Kec. Cilandak, Kota Jakarta Selatan, Daerah Khusus Ibukota Jakarta 12430 "
272,Lb. Bulus,CILANDAK,SMA CHARITAS JAKARTA,"Alamat: Jl. Mawar Indah No.75, RW.8, Lb. Bulus, Kec. Cilandak, Kota Jakarta Selatan, Daerah Khusus Ibukota Jakarta 12440 "
273,Lb. Bulus,CILANDAK,Sekolah Menengah Atas Keluarga Widuri,"Alamat: Jl. Gunung Balong I No.6, RT.9/RW.4, Lb. Bulus, Kec. Cilandak, Kota Jakarta Selatan, Daerah Khusus Ibukota Jakarta 12440 "
274,Lb. Bulus,CILANDAK,SMK Lebak Bulus Jakarta,"Alamat: Jl. Batan No.69, RT.3/RW.2, Lb. Bulus, Kec. Cilandak, Kota Jakarta Selatan, Daerah Khusus Ibukota Jakarta 12440 "
275,Lb. Bulus,CILANDAK,SMK AL HIDAYAH LESTARI,"Alamat: JL. KANA LESTARI BLOK K/I, RT.11/RW.7, Lb. Bulus, Kec. Cilandak, Kota Jakarta Selatan, Daerah Khusus Ibukota Jakarta 12440 "
276,Pd. Labu,CILANDAK,SMA Negeri 66 Jakarta,"Alamat: Jl. Bango III No.7, RW.3, Pd. Labu, Kec. Cilandak, Kota Jakarta Selatan, Daerah Khusus Ibukota Jakarta 12450 "
277,Pd. Labu,CILANDAK,SMA NEGERI 34 Jakarta,"Alamat: Jl. Margasatwa No.1, RT.15/RW.1, Pd. Labu, Kec. Cilandak, Kota Jakarta Selatan, Daerah Khusus Ibukota Jakarta 12450 "
278,Pd. Labu,CILANDAK,SMA Islam Al-Izhar Pondok Labu,"Alamat: Jl. RS. Fatmawati Raya No.49, RT.13/RW.1, Pd. Labu, Kec. Cilandak, Kota Jakarta Selatan, Daerah Khusus Ibukota Jakarta 12430 "
279,Pd. Labu,CILANDAK,SMK Selagan Jaya,"Alamat: 10, Jl. Margasatwa No.105, RT.10/RW.2, Pd. Labu, Kec. Cilandak, Kota Jakarta Selatan, Daerah Khusus Ibukota Jakarta 12450 "
280,Pd. Labu,CILANDAK,SMA PGRI 3 JAKARTA,"Alamat: 10, Jl. Margasatwa No.105, RT.10/RW.2, Pd. Labu, Kec. Cilandak, Kota Jakarta Selatan, Daerah Khusus Ibukota Jakarta 12450 "
281,Pd. Labu,CILANDAK,Sekolah Menengah Kejuruan LP3 Istana,"Alamat: Jl. Margasatwa No.99B, RT.4/RW.1, Pd. Labu, Kec. Cilandak, Kota Jakarta Selatan, Daerah Khusus Ibukota Jakarta 12450 "
282,Gandaria Sel.,CILANDAK,SMA Cenderawasih 1 Jakarta,"Alamat: PQJW+9QR Komplek Deplu, Jl. RS. Fatmawati Raya, RT.2/RW.3, Gandaria Sel., Kec. Cilandak, Kota Jakarta Selatan, Daerah Khusus Ibukota Jakarta 12420 "
283,Cipete Sel.,CILANDAK,SMA Darul Ma'arif,"Alamat: Jl. RS. Fatmawati Raya No.45, RT.2/RW.5, Cipete Sel., Kec. Cilandak, Kota Jakarta Selatan, Daerah Khusus Ibukota Jakarta 12410 "
284,Melawai,KEBAYORAN BARU,SMA Purnama,"Alamat: Jl. Tirtayasa V, RT.9/RW.4, Melawai, Kec. Kby. Baru, Kota Jakarta Selatan, Daerah Khusus Ibukota Jakarta 12160 "
285,Melawai,KEBAYORAN BARU,SMA 4 PSKD,"Alamat: Jl. Panglima Polim II No.51A, RT.1/RW.3, Melawai, Kec. Kby. Baru, Kota Jakarta Selatan, Daerah Khusus Ibukota Jakarta 12160 "
286,Melawai,KEBAYORAN BARU,SMA Islam Al-Kholidin Jakarta,"Alamat: Jl. Panglima Polim II No.51A, RT.1/RW.3, Melawai, Kec. Kby. Baru, Kota Jakarta Selatan, Daerah Khusus Ibukota Jakarta 12160 "
287,Melawai,KEBAYORAN BARU,SMA Tarakanita 1,"Alamat: Jl. Panglima Polim II No.51A, RT.1/RW.3, Melawai, Kec. Kby. Baru, Kota Jakarta Selatan, Daerah Khusus Ibukota Jakarta 12160 "
288,Kramat Pela,KEBAYORAN BARU,SMA NEGERI 6 Jakarta Selatan,"Alamat: Jl. Mahakam No.2, RT.11/RW.7, Kramat Pela, Kec. Kby. Baru, Kota Jakarta Selatan, Daerah Khusus Ibukota Jakarta 12130 "
289,Kramat Pela,KEBAYORAN BARU,SMA Labschool Kebayoran,"Alamat: 2, Jl. KH. Ahmad Dahlan No.14, RW.1, Kramat Pela, Kec. Kby. Baru, Kota Jakarta Selatan, Daerah Khusus Ibukota Jakarta 12130 "
290,Kramat Pela,KEBAYORAN BARU,SMA Negeri 70 Jakarta,"Alamat: Jl. Bulungan Blok C No.1, RT.11/RW.7, Kramat Pela, Kec. Kby. Baru, Kota Jakarta Selatan, Daerah Khusus Ibukota Jakarta 12130 "
291,Kramat Pela,KEBAYORAN BARU,Sma Muhammadiyah 3 Jakarta,"Alamat: Jl. Limau II BLOK No.3, RT.3/RW.3, Kramat Pela, Kec. Kby. Baru, Kota Jakarta Selatan, Daerah Khusus Ibukota Jakarta 12130 "
292,Selong,KEBAYORAN BARU,SMAN 82 JAKARTA,"Alamat: Jl. Daha 2 No.15A, RT.1/RW.1, Selong, Kec. Kby. Baru, Kota Jakarta Selatan, Daerah Khusus Ibukota Jakarta 12110 "
293,Pulo,KEBAYORAN BARU,SMA Katolik Pangudi Luhur,"Alamat: PRW4+9GX, Jl. Brawijaya IV, RT.5/RW.3, Pulo, Kec. Kby. Baru, Kota Jakarta Selatan, Daerah Khusus Ibukota Jakarta 12160 "
294,Petogogan,KEBAYORAN BARU,SMA Tarakanita 1,"Alamat: 13, Jl. Puloraya IV No.17, RT.6/RW.1, Petogogan, Kec. Kby. Baru, Kota Jakarta Selatan, Daerah Khusus Ibukota Jakarta 12170 "
295,Petogogan,KEBAYORAN BARU,SMK Tarakanita,"Alamat: Jl. Wolter Monginsidi No.118, RW.2, Petogogan, Kec. Kby. Baru, Kota Jakarta Selatan, Daerah Khusus Ibukota Jakarta 12170 "
296,Gandaria Utara,KEBAYORAN BARU,SMAN 46 Jakarta,"Alamat: Jalan Masjid Darrusalam Blok A No. 23-25, RT.1/RW.6, Gandaria Utara, Kec. Kby. Baru, Kota Jakarta Selatan, Daerah Khusus Ibukota Jakarta 12140 "
297,Gandaria Utara,KEBAYORAN BARU,SMU Bps & K Pembangunan,"Alamat: Jl. Binakarya No.52, RT.2/RW.7, Gandaria Utara, Kec. Kby. Baru, Kota Jakarta Selatan, Daerah Khusus Ibukota Jakarta 12140 "
298,Gandaria Utara,KEBAYORAN BARU,SMA Gita Kirtti 3,"Alamat: Jl. Bri Radio Dalam No.3, RT.5/RW.14, Gandaria Utara, Kec. Kby. Baru, Kota Jakarta Selatan, Daerah Khusus Ibukota Jakarta 12140 "
299,Cipete Utara,KEBAYORAN BARU,SMA negeri,"Alamat: PRQ6+C69, Cipete Utara, Kec. Kby. Baru, Kota Jakarta Selatan, Daerah Khusus Ibukota Jakarta "
300,Cipete Utara,KEBAYORAN BARU,SMK Tunas Pembangunan,"Alamat: Jl. KH. Moh. Naim I No.68, RT.5/RW.11, Cipete Utara, Kec. Kby. Baru, Kota Jakarta Selatan, Daerah Khusus Ibukota Jakarta 12150 "
301,Pancoran,PANCORAN,Madrasah Aliyah Al -Islamiyah,"Alamat: Jl. Pancoran Barat XI A No.10, RT.4/RW.3, Pancoran, Kec. Pancoran, Kota Jakarta Selatan, Daerah Khusus Ibukota Jakarta 12780 "
302,Pancoran,PANCORAN,SMK Walisongo Jakarta,"Alamat: Jl. Pancoran Barat XI A No.10, RT.4/RW.3, Pancoran, Kec. Pancoran, Kota Jakarta Selatan, Daerah Khusus Ibukota Jakarta 12780 "
303,KALIBATA,PANCORAN,Sekolah Menengah Atas Fatahillah,"Alamat: Jl. Amil Buncit Raya No.67, RT.12/RW.5, Kalibata, Kec. Pancoran, Kota Jakarta Selatan, Daerah Khusus Ibukota Jakarta 12740 "
304,KALIBATA,PANCORAN,SMK Walisongo Jakarta,"Alamat: Jl. Kalibata Timur No.30, RT.9/RW.8, Kalibata, Kec. Pancoran, Kota Jakarta Selatan, Daerah Khusus Ibukota Jakarta 12740 "
305,KALIBATA,PANCORAN,Madrasah Aliyah Sultan Hasanuddin,"Alamat: Jalan Buncit Raya Pulo No.1, Kalibata, Pancoran, RT.4/RW.5, Kalibata, Jakarta Selatan, Kota Jakarta Selatan, Daerah Khusus Ibukota Jakarta 12740 "
306,KALIBATA,PANCORAN,Yayasan Santo Alexander,"Alamat: Jl. Kalibata Tmr IV Bl F%2F5 Kalibata Pancoran Jakarta Selatan DKI Jakarta, RT.14, Kalibata, Kec. Pancoran, Kota Jakarta Selatan, Daerah Khusus Ibukota Jakarta 12740 "
307,Duren Tiga,PANCORAN,SMA Negeri 55 Jakarta Selatan,"Alamat: Jl. Potlot II No.2, RW.3, Duren Tiga, Kec. Pancoran, Kota Jakarta Selatan, Daerah Khusus Ibukota Jakarta 12760 "
308,Duren Tiga,PANCORAN,SMA Perguruan Cikini,"Alamat: Jl. Duren Tiga Raya No.1, RT.9/RW.1, Duren Tiga, Kec. Pancoran, Kota Jakarta Selatan, Daerah Khusus Ibukota Jakarta 12760 "
309,Duren Tiga,PANCORAN,SMK Musik Perguruan Cikini,"Alamat: Jl. Duren Tiga Raya No.01, RT.4/RW.5, Duren Tiga, Kec. Pancoran, Kota Jakarta Selatan, Daerah Khusus Ibukota Jakarta 12760 "
310,Duren Tiga,PANCORAN,SMP Bait Al Rahman,"Alamat: Jl. Duren Tiga Raya No.01, RT.4/RW.5, Duren Tiga, Kec. Pancoran, Kota Jakarta Selatan, Daerah Khusus Ibukota Jakarta 12760 "
311,Pengadegan,PANCORAN,Sekolah Menengah Atas Yasporbi I,"Alamat: 46, Jl. Pengadegan Barat Raya No.13, RT.7/RW.4, Pengadegan, Kec. Pancoran, Kota Jakarta Selatan, Daerah Khusus Ibukota Jakarta 12770 "
312,Kec. Jagakarsa,JAGAKARSA,Sekolah Menengah Atas Negeri 109 Jakarta,"Alamat: Jl. Gardu No.31, RT.10/RW.2, Srengseng Sawah, Kec. Jagakarsa, Kota Jakarta Selatan, Daerah Khusus Ibukota Jakarta 12630 "
313,Kec. Jagakarsa,JAGAKARSA,SMA Negeri 49 Jakarta,"Alamat: Jl. Pepaya Raya No.9, RT.2/RW.5, Jagakarsa, Kec. Jagakarsa, Kota Jakarta Selatan, Daerah Khusus Ibukota Jakarta 12620 "
314,Kec. Jagakarsa,JAGAKARSA,SMAN 97 JAKARTA,"Alamat: Jl. Brigif II No.2, RT.9/RW.6, Ciganjur, Kec. Jagakarsa, Kota Jakarta Selatan, Daerah Khusus Ibukota Jakarta 12630 "
315,Kec. Jagakarsa,JAGAKARSA,SMA Pattimura,"Alamat: Jl. Raya Jagakarsa No.88, RT.2/RW.5, Jagakarsa, Kec. Jagakarsa, Kota Jakarta Selatan, Daerah Khusus Ibukota Jakarta 12620 "
316,Kec. Jagakarsa,JAGAKARSA,SMA JAGAKARSA JAKARTA,"Alamat: Jl. Kramat, RT.8/RW.7, Jagakarsa, Kec. Jagakarsa, Kota Jakarta Selatan, Daerah Khusus Ibukota Jakarta 12620 "
317,Kec. Jagakarsa,JAGAKARSA,SMA Citra Alam Lahan Bawah,"Alamat: Jl. Damai 2 No.22, RT.4/RW.2, Ciganjur, Kec. Jagakarsa, Kota Jakarta Selatan, Daerah Khusus Ibukota Jakarta 12630 "
318,Kec. Jagakarsa,JAGAKARSA,SMA NEGERI 38 Jakarta,"Alamat: Jl. Raya Lenteng Agung No.38, RT.1/RW.8, Lenteng Agung, Kec. Jagakarsa, Kota Jakarta Selatan, Daerah Khusus Ibukota Jakarta 12610 "
319,Srengseng Sawah,JAGAKARSA,"SMA 2 PERGURUAN ""CIKINI""","Alamat: Jl. Srengseng Sawah No.79 B, RT.13/RW.9, Srengseng Sawah, Kec. Jagakarsa, Kota Jakarta Selatan, Daerah Khusus Ibukota Jakarta 12640 "
320,Srengseng Sawah,JAGAKARSA,Sekolah Menengah Atas Negeri 109 Jakarta,"Alamat: Jl. Gardu No.31, RT.10/RW.2, Srengseng Sawah, Kec. Jagakarsa, Kota Jakarta Selatan, Daerah Khusus Ibukota Jakarta 12630 "
321,Srengseng Sawah,JAGAKARSA,SMA KARTIKA VIII-1,"Alamat: 7, Jl. Seroja No.13, RT.7/RW.13, Srengseng Sawah, Kec. Jagakarsa, Kota Jakarta Selatan, Daerah Khusus Ibukota Jakarta 12640 "
322,Srengseng Sawah,JAGAKARSA,SMA PERGURUAN RAKYAT 1,"Alamat: Jl. Yon Zikon 14 No.4, RW.6, Srengseng Sawah, Kec. Jagakarsa, Kota Jakarta Selatan, Daerah Khusus Ibukota Jakarta 12640 "
323,Srengseng Sawah,JAGAKARSA,SMA Citra Alam Lahan Bawah,"Alamat: Jl. Yon Zikon 14 No.4, RW.6, Srengseng Sawah, Kec. Jagakarsa, Kota Jakarta Selatan, Daerah Khusus Ibukota Jakarta 12640 "
324,Lenteng Agung,JAGAKARSA,SMA NEGERI 38 Jakarta,"Alamat: Jl. Raya Lenteng Agung No.38, RT.1/RW.8, Lenteng Agung, Kec. Jagakarsa, Kota Jakarta Selatan, Daerah Khusus Ibukota Jakarta 12610 "
325,Lenteng Agung,JAGAKARSA,Sma Kartika Sari,"Alamat: Jl. Raya Lenteng Agung No.50, RT.2/RW.1, Lenteng Agung, Kec. Jagakarsa, Kota Jakarta Selatan, Daerah Khusus Ibukota Jakarta 12530 "
326,Tj. Bar.,JAGAKARSA,Sekolah Menengah Kejuruan Kahuripan 1,"Alamat: Jl. Nangka Raya No.17, RT.7/RW.5, Tj. Bar., Kec. Jagakarsa, Kota Jakarta Selatan, Daerah Khusus Ibukota Jakarta 12530 "
327,Tj. Bar.,JAGAKARSA,SMK Tanjung Barat,"Alamat: Jl. Melati No.100, RT.5/RW.4, Tj. Bar., Kec. Jagakarsa, Kota Jakarta Selatan, Daerah Khusus Ibukota Jakarta 12530 "
328,Tj. Bar.,JAGAKARSA,Tpq Muara Hati,"Alamat: Jl. H. Harun No.91, RT.7/RW.3, Tj. Bar., Kec. Jagakarsa, Kota Jakarta Selatan, Daerah Khusus Ibukota Jakarta 12530 "
329,Tj. Bar.,JAGAKARSA,Teh Javva,"Alamat: seberang SMA Bunda Kandung, Jl. Poltangan Raya, Tj. Bar., Kec. Jagakarsa, Kota Jakarta Selatan, Daerah Khusus Ibukota Jakarta 12510 "
330,Cipedak,JAGAKARSA,Sekolah Menengah Kejuruan Islam An Nuriyah,"Alamat: Jl. Timbul No.60, RT.2/RW.3, Cipedak, Kec. Jagakarsa, Kota Jakarta Selatan, Daerah Khusus Ibukota Jakarta 12630 "
331,Pesanggrahan,PESANGGRAHAN,SMA NEGERI 108 Jakarta,"Alamat: Jl. Kesadaran Raya, RT.1/RW.2, Pesanggrahan, Kec. Pesanggrahan, Kota Jakarta Selatan, Daerah Khusus Ibukota Jakarta 12320 "
332,Bintaro,PESANGGRAHAN,SMA NEGERI 87 Jakarta,"Alamat: Jl. Mawar II No.1, RW.13, Bintaro, Kec. Pesanggrahan, Kota Jakarta Selatan, Daerah Khusus Ibukota Jakarta 12330 "
333,Bintaro,PESANGGRAHAN,SMA NEGERI 86 Jakarta Selatan,"Alamat: Jl. Bintaro Permai IV No.36, RT.8/RW.2, Bintaro, Kec. Pesanggrahan, Kota Jakarta Selatan, Daerah Khusus Ibukota Jakarta 12330 "
334,Bintaro,PESANGGRAHAN,SMA Triguna Jakarta,"Alamat: Jl. Bintaro Permai II No.9, RT.7/RW.9, Bintaro, Kec. Pesanggrahan, Kota Jakarta Selatan, Daerah Khusus Ibukota Jakarta 12330 "
335,Petukangan Utara,PESANGGRAHAN,SMA Negeri 63 Jakarta,"Alamat: Jl. AMD Manunggal V No.57, RT.1/RW.11, Petukangan Utara, Kec. Pesanggrahan, Kota Jakarta Selatan, Daerah Khusus Ibukota Jakarta 12260 "
336,Petukangan Utara,PESANGGRAHAN,SMP & SMK Puspita Persada Jakarta,"Alamat: QPCX+P34, Jl. SMA 63, RT.1/RW.1, Petukangan Utara, Kec. Pesanggrahan, Kota Jakarta Selatan, Daerah Khusus Ibukota Jakarta 12260 "
337,Petukangan Utara,PESANGGRAHAN,SMP SMK 10 Nopember,"Alamat: Jl. H. Ilyas No.27, RT.7/RW.2, Petukangan Utara, Kec. Pesanggrahan, Kota Jakarta Selatan, Daerah Khusus Ibukota Jakarta 12260 "
338,Petukangan Sel.,PESANGGRAHAN,SMA NEGERI 90 Jakarta Selatan,"Alamat: Jl. Sabar Petukagan Selatan Pesanggrahan No.14, RW.2, Petukangan Sel., Kec. Pesanggrahan, Kota Jakarta Selatan, Daerah Khusus Ibukota Jakarta 12270 "
339,Ulujami,PESANGGRAHAN,SMA Darunnajah Jakarta,"Alamat: Jl. Ulujami Raya No.86, RW.7, Ulujami, Kec. Pesanggrahan, Kota Jakarta Selatan, Daerah Khusus Ibukota Jakarta 12250 "
340,Utan Kayu Utara,MATRAMAN,SMK Pembangunan,"Alamat: Jl. Pengayoman III No.95, RW.8, Utan Kayu Utara, Kec. Matraman, Kota Jakarta Timur, Daerah Khusus Ibukota Jakarta 13120 "
341,Kayu Manis,MATRAMAN,SMA Muhammadiyah 12,"Alamat: Jl. Kayu Manis X No.57, RT.1/RW.9, Kayu Manis, Kec. Matraman, Kota Jakarta Timur, Daerah Khusus Ibukota Jakarta 13130 "
342,Palmeriam,MATRAMAN,SMA Fons Vitae 1,"Alamat: Jl. Matraman Raya No.129, RW.8, Palmeriam, Kec. Matraman, Kota Jakarta Timur, Daerah Khusus Ibukota Jakarta 13140 "
343,Kb. Manggis,MATRAMAN,SMA 2 PSKD,"Alamat: Jl. Slamet Riyadi No.3, RW.4, Kb. Manggis, Kec. Matraman, Kota Jakarta Timur, Daerah Khusus Ibukota Jakarta 13150 "
344,Utan Kayu Sel.,MATRAMAN,SMA Negeri 22 Jakarta,"Alamat: Jl. Kramat Asem No.11, RT.11/RW.5, Utan Kayu Sel., Kec. Matraman, Kota Jakarta Timur, Daerah Khusus Ibukota Jakarta 13120 "
345,Utan Kayu Sel.,MATRAMAN,SMA NEGERI 31 Jakarta,"Alamat: Jl. Kayu Manis Timur No.17, RT.3/RW.14, Utan Kayu Sel., Kec. Matraman, Kota Jakarta Timur, Daerah Khusus Ibukota Jakarta 13120 "
346,Utan Kayu Sel.,MATRAMAN,Sekolah Menengah Atas Bina Pangudi Luhur,"Alamat: Jl. Kramat Asem No.54, RT.11/RW.5, Utan Kayu Sel., Kec. Matraman, Kota Jakarta Timur, Daerah Khusus Ibukota Jakarta 13120 "
347,Utan Kayu Sel.,MATRAMAN,SMK TIRTA SARI SURYA,"Alamat: Jl. Nanas I No.15, RW.10, Utan Kayu Sel., Kec. Matraman, Kota Jakarta Timur, Daerah Khusus Ibukota Jakarta 13120 "
348,Pulo Gadung,PULO GADUNG,SMA Don Bosco 2,"Alamat: Jl Pulomas Barat V Kayu Putih, Pulo Gadung, RT.6/RW.13, Kayu Putih, Jl. Pulo Mas Barat V No.4, RT.6/RW.13, Kayu Putih, Kec. Pulo Gadung, Kota Jakarta Timur, Daerah Khusus Ibukota Jakarta 13210 "
349,Cipinang,PULO GADUNG,SMA Dian Persada,"Alamat: Jl. Cipinang Baru 1 No.21, RT.10/RW.2, Cipinang, Kec. Pulo Gadung, Kota Jakarta Timur, Daerah Khusus Ibukota Jakarta 13240 "
350,Jatinegara Kaum,PULO GADUNG,Sekolah Menengah Kejuruan Garuda,"Alamat: KM. 17, Jl. Bekasi Timur Raya No.21, RW.2, Jatinegara Kaum, Kec. Pulo Gadung, Kota Jakarta Timur, Daerah Khusus Ibukota Jakarta 13250 "
351,Jatinegara Kaum,PULO GADUNG,SMK dan SMP Islam Lembaga Pendidikan Islam Nurul Anwar,"Alamat: Jl. Bekasi Timur Raya No.5, RT.4/RW.1, Jatinegara Kaum, Kec. Pulo Gadung, Kota Jakarta Timur, Daerah Khusus Ibukota Jakarta 13250 "
352,Jatinegara Kaum,PULO GADUNG,SMA Negeri 36 Jakarta Timur,"Alamat: Jl. Bekasi Timur Raya No.5, RT.4/RW.1, Jatinegara Kaum, Kec. Pulo Gadung, Kota Jakarta Timur, Daerah Khusus Ibukota Jakarta 13250 "
353,Rawamangun,PULO GADUNG,Sekolah Menengah Atas Diponegoro 1,"Alamat: Jl. Sunan Giri No.5, RT.8/RW.15, Rawamangun, Kec. Pulo Gadung, Kota Jakarta Timur, Daerah Khusus Ibukota Jakarta 13220 "
354,Rawamangun,PULO GADUNG,Sekolah Menengah Kejuruan Tunas Markatin,"Alamat: Jl. Waru No.20B, Rawamangun, Kec. Pulo Gadung, Kota Jakarta Timur, Daerah Khusus Ibukota Jakarta 13220 "
355,Rawamangun,PULO GADUNG,Sekolah Menengah Atas Al-Ghurabaa,"Alamat: Jalan Tenggiri Raya No.47, RT.17/RW.6, Rawamangun, Kec. Pulo Gadung, Kota Jakarta Timur, Daerah Khusus Ibukota Jakarta 13220 "
356,Rawamangun,PULO GADUNG,Sekolah Menengah Atas Pelita Tiga No.3,"Alamat: Jl. Jelita II No.7, RT.11/RW.14, Rawamangun, Kec. Pulo Gadung, Kota Jakarta Timur, Daerah Khusus Ibukota Jakarta 13220 "
357,Rawamangun,PULO GADUNG,SMA Labschool Jakarta,"Alamat: Jl. Pemuda No.10, Rawamangun, Kec. Pulo Gadung, Kota Jakarta Timur, Daerah Khusus Ibukota Jakarta 13220 "
358,Kayu Putih,PULO GADUNG,Sekolah Menengah Atas Santo Fransiskus II,"Alamat: Jl. Bangunan Barat No.29, RT.1/RW.8, Kayu Putih, Kec. Pulo Gadung, Kota Jakarta Timur, Daerah Khusus Ibukota Jakarta 13210 "
359,Kayu Putih,PULO GADUNG,SMA Don Bosco 2,"Alamat: Jl Pulomas Barat V Kayu Putih, Pulo Gadung, RT.6/RW.13, Kayu Putih, Jl. Pulo Mas Barat V No.4, RT.6/RW.13, Kayu Putih, Kec. Pulo Gadung, Kota Jakarta Timur, Daerah Khusus Ibukota Jakarta 13210 "
360,Kayu Putih,PULO GADUNG,SMA Negeri 21 Jakarta Timur,"Alamat: Jl. Tanah Mas Raya No.1, RT.3/RW.1, Kayu Putih, Kec. Pulo Gadung, Kota Jakarta Timur, Daerah Khusus Ibukota Jakarta 13210 "
361,Jati,PULO GADUNG,SMA Negeri 36 Jakarta Timur,"Alamat: Jl. Perhubungan No.20, RT.19/RW.6, Jati, Kec. Pulo Gadung, Kota Jakarta Timur, Daerah Khusus Ibukota Jakarta 13220 "
362,Bali Mester,JATINEGARA,SMA YAKE,"Alamat: Jl. Jatinegara Timur No.65, RT.11/RW.3, Bali Mester, Kecamatan Jatinegara, Kota Jakarta Timur, Daerah Khusus Ibukota Jakarta 13310 "
363,Rw. Bunga,JATINEGARA,SMAN 54 Jakarta,"Alamat: Jl. Jatinegara Timur IV, Rw. Bunga, Kecamatan Jatinegara, Kota Jakarta Timur, Daerah Khusus Ibukota Jakarta 13350 "
364,Cipinang Cempedak,JATINEGARA,SMK Dewi Sartika YBW,"Alamat: 16, Jl. Kb. Nanas Utara II No.23, RT.16/RW.4, Cipinang Cempedak, Kecamatan Jatinegara, Kota Jakarta Timur, Daerah Khusus Ibukota Jakarta 13340 "
365,Cipinang Muara,JATINEGARA,SMA Negeri 50 Jakarta,"Alamat: Jl. Cipinang Muara 3 No.9, RT.09/RW.15, Cipinang Muara, Kecamatan Jatinegara, Kota Jakarta Timur, Daerah Khusus Ibukota Jakarta 13420 "
366,Cipinang Besar Sel.,JATINEGARA,Sekolah Menengah Atas (SMA) Budi Murni 3 Jakarta,"Alamat: Jl. Cipinang Besar No.2, RT.11/RW.10, Cipinang Besar Sel., Kecamatan Jatinegara, Kota Jakarta Timur, Daerah Khusus Ibukota Jakarta 13410 "
367,Cipinang Besar Sel.,JATINEGARA,SMA Negeri 100 Jakarta Timur,"Alamat: Jl. Persatuan 2 No.2, RT.2/RW.6, Cipinang Besar Sel., Kecamatan Jatinegara, Kota Jakarta Timur, Daerah Khusus Ibukota Jakarta 13410 "
368,Cipinang Besar Sel.,JATINEGARA,SMA NEGERI 53 JAKARTA TIMUR,"Alamat: Jl. Cipinang Jaya II, RT.3/RW.9, Cipinang Besar Sel., Kecamatan Jatinegara, Kota Jakarta Timur, Daerah Khusus Ibukota Jakarta 13410 "
369,Kramat Jati,KRAMAT JATI,SMA Negeri 62 Jakarta,"Alamat: Jl. Raya Jakarta-Bogor, RT.13/RW.11, Kramat Jati, Kec. Kramat jati, Kota Jakarta Timur, Daerah Khusus Ibukota Jakarta 13540 "
370,Kramat Jati,KRAMAT JATI,SMAS BUDHI WARMAN 1,"Alamat: 6, RW.10, Kramat Jati, Kec. Kramat jati, Kota Jakarta Timur, Daerah Khusus Ibukota Jakarta "
371,Kp. Tengah,KRAMAT JATI,MTs/MA Kafila Ibnu Mas'ud Fullday Jakarta,"Alamat: Jl. H. Entong Jum No.4, RT.3/RW.7, Kp. Tengah, Kec. Kramat jati, Kota Jakarta Timur, Daerah Khusus Ibukota Jakarta 13540 "
372,Kp. Tengah,KRAMAT JATI,Sma Respati,"Alamat: Jl. Raya Inpres No.4, RW.2, Kp. Tengah, Kec. Kramat jati, Kota Jakarta Timur, Daerah Khusus Ibukota Jakarta 13760 "
373,Dukuh,KRAMAT JATI,MAN,"Alamat: Jl. Sadar No.79, RW.7, Dukuh, Kec. Kramat jati, Kota Jakarta Timur, Daerah Khusus Ibukota Jakarta 13550 "
374,Batu Ampar,KRAMAT JATI,SMA NEGERI 51 Jakarta Timur,"Alamat: Jl. Batu Ampar III No.59, RT.12/RW.2, Batu Ampar, Kec. Kramat jati, Kota Jakarta Timur, Daerah Khusus Ibukota Jakarta 13520 "
375,Batu Ampar,KRAMAT JATI,SMA EMIISc JAKARTA,"Alamat: Jl. Raya Condet No.27, RT.11/RW.3, Batu Ampar, Kec. Kramat jati, Kota Jakarta Timur, Daerah Khusus Ibukota Jakarta 13520 "
376,Batu Ampar,KRAMAT JATI,Sekolah Menengah Kejuruan Bina Prestasi,"Alamat: Jl. Raya Condet No.28, RT.9/RW.6, Batu Ampar, Kec. Kramat jati, Kota Jakarta Timur, Daerah Khusus Ibukota Jakarta 13520 "
377,Cililitan,KRAMAT JATI,Sekolah Menengah Atas Trampil 2,"Alamat: 3, Jl. Olah Raga II No.7, RT.12/RW.5, Cililitan, Kec. Kramat jati, Kota Jakarta Timur, Daerah Khusus Ibukota Jakarta 13640 "
378,Cawang,KRAMAT JATI,SMA Negeri 14 Jakarta Timur,"Alamat: Jl. SMA 14 No.13, RT.6/RW.4, Cawang, Kec. Kramat jati, Kota Jakarta Timur, Daerah Khusus Ibukota Jakarta 13640 "
379,Cawang,KRAMAT JATI,Sekolah Menengah Atas Muhammadiyah 4,"Alamat: RT.009, Jl. Dewi Sartika No.11, RT.5/RW.4, Cawang, Kec. Kramat jati, Kota Jakarta Timur, Daerah Khusus Ibukota Jakarta 13630 "
380,Cawang,KRAMAT JATI,Smk Jakarta Timur 1,"Alamat: Jl. Otista Raya No.4b, RT.4/RW.12, Cawang, Kec. Pd. Gede, Kota Jakarta Timur, Daerah Khusus Ibukota Jakarta 13330 "
381,Gedong,PASAR REBO,SMAN 104 Jakarta,"Alamat: Jl. H. Taiman Ujung, RT.1/RW.2, Gedong, Kec. Ps. Rebo, Kota Jakarta Timur, Daerah Khusus Ibukota Jakarta 13760 "
382,Baru,PASAR REBO,SMA NEGERI 88 Jakarta Timur,"Alamat: 7 MRCW+PR8, Jl. Sawo, RT.7/RW.2, Baru, Kec. Ps. Rebo, Kota Jakarta Timur, Daerah Khusus Ibukota Jakarta 13780 "
383,Cijantung,PASAR REBO,Sekolah Menengah Atas (SMA) Malahayati,"Alamat: Jl. Bima II No.3, RT.8/RW.8, Cijantung, Kec. Ps. Rebo, Kota Jakarta Timur, Daerah Khusus Ibukota Jakarta 13770 "
384,Cijantung,PASAR REBO,SMA NEGERI 39 Jakarta,"Alamat: MRHX+FW6, Jl. RA. Fadillah, RT.1/RW.1, Cijantung, Kec. Ps. Rebo, Kota Jakarta Timur, Daerah Khusus Ibukota Jakarta 13780 "
385,Cijantung,PASAR REBO,SMA Islam PB Soedirman Cijantung,"Alamat: RT.3/RW.4, Cijantung, Kec. Ps. Rebo, Kota Jakarta Timur, Daerah Khusus Ibukota Jakarta 13770 "
386,Cijantung,PASAR REBO,MALAHAYATI ISLAMIC SCHOOL,"Alamat: Jalan Bima No.3, Cijantung, Kec. Ps. Rebo, Kota Jakarta Timur, Daerah Khusus Ibukota Jakarta 13770 "
387,Kalisari,PASAR REBO,SMA NEGERI 98 Jakarta,"Alamat: Jl. Jaha No.1, Kalisari, Kec. Ps. Rebo, Kota Jakarta Timur, Daerah Khusus Ibukota Jakarta 13790 "
388,Pekayon,PASAR REBO,SMA Negeri 106 Jakarta,"Alamat: Jl. Gandaria I No.12, RT.12/RW.9, Pekayon, Kec. Ps. Rebo, Kota Jakarta Timur, Daerah Khusus Ibukota Jakarta 13710 "
389,Pekayon,PASAR REBO,SMA-SMK Budi Warman 2,"Alamat: Jl. Raya Bogor No.KM. 28, Pekayon, Kec. Ps. Rebo, Kota Jakarta Timur, Daerah Khusus Ibukota Jakarta 13710 "
390,Pekayon,PASAR REBO,Semangat jangan putus asa,"Alamat: Jalan Belli 1 No.20, RW.6, Pekayon, Kec. Ps. Rebo, Kota Jakarta Timur, Daerah Khusus Ibukota Jakarta 13710 "
391,Jatinegara,CAKUNG,SMAN 107 JAKARTA,"Alamat: Jl. Swadaya, RT.8/RW.7, Jatinegara, Kec. Cakung, Kota Jakarta Timur, Daerah Khusus Ibukota Jakarta 13930 "
392,Rw. Terate,CAKUNG,Sekolah Menengah Kejuruan Bina Manajemen,"Alamat: RW5F+V66, Jl. Dr. KRT Radjiman Widyodiningrat, RT.1/RW.6, Rw. Terate, Kec. Cakung, Kota Jakarta Timur, Daerah Khusus Ibukota Jakarta 13920 "
393,Penggilingan,CAKUNG,SMA Nahdlatul Wathan,"Alamat: Jl. Kebon Raya No.1, RT.4/RW.3, Penggilingan, Kec. Cakung, Kota Jakarta Timur, Daerah Khusus Ibukota Jakarta 13940 "
394,Cakung Tim.,CAKUNG,SMA NEGERI 102 Jakarta,"Alamat: Jl. Pasar Sulton, RT.9/RW.6, Cakung Tim., Kec. Cakung, Kota Jakarta Timur, Daerah Khusus Ibukota Jakarta 13910 "
395,Cakung Tim.,CAKUNG,SMA Negeri 89 Jakarta,"Alamat: Jl. Cempaka V No.9, RT.6/RW.9, Cakung Tim., Kec. Cakung, Kota Jakarta Timur, Daerah Khusus Ibukota Jakarta 13910 "
396,Cakung Tim.,CAKUNG,SMA Diponegoro 2,"Alamat: RWCX+464, Jl. Raya Kayu Tinggi, RT.3/RW.9, Cakung Tim., Kec. Cakung, Kota Jakarta Timur, Daerah Khusus Ibukota Jakarta 13910 "
397,Cakung Tim.,CAKUNG,SMAN,"Alamat: Gerbang Tol Cakung 2,RT.3, RW.5, Cakung Tim., Kec. Cakung, Kota Jakarta Timur, Daerah Khusus Ibukota Jakarta 13910 "
398,Pulo Gebang,CAKUNG,Sekolah Menengah Atas Sapta Kharisma,"Alamat: Jl. Raya Pulo Gebang No.99, RT.5/RW.3, Pulo Gebang, Kec. Cakung, Kota Jakarta Timur, Daerah Khusus Ibukota Jakarta 13950 "
399,Pulo Gebang,CAKUNG,SMA NEGERI 11 JAKARTA TIMUR,"Alamat: Kompleks Pendidikan Jl. Komarudin Lama No.I, RT.10/RW.5, Pulo Gebang, Kec. Cakung, Kota Jakarta Timur, Daerah Khusus Ibukota Jakarta 13950 "
400,Pulo Gebang,CAKUNG,SMA IT YP IPPI JAKARTA,"Alamat: Jl. Damar Elok No.50, RT.12/RW.5, Pulo Gebang, Kec. Cakung, Kota Jakarta Timur, Daerah Khusus Ibukota Jakarta 13950 "
401,Pulo Gebang,CAKUNG,SMA YPIPPI CAKUNG JAKARTA TIMUR,"Alamat: Jalan Ujung Karawang, RT.6/RW.5, Pulo Gebang, Kec. Cakung, Kota Jakarta Timur, Daerah Khusus Ibukota Jakarta 13950 "
402,Pulo Gebang,CAKUNG,SMK IPTEK JAKARTA,"Alamat: Jl. Raya Pulo Gebang No.99, RT.5/RW.3, Pulo Gebang, Kec. Cakung, Kota Jakarta Timur, Daerah Khusus Ibukota Jakarta 13950 "
403,Pulo Gebang,CAKUNG,SMK Caraka Nusantara,"Alamat: Komplek, Blok H4 No, Jl. Pulau Gebang Indah 1 No.10, RW.13, Pulo Gebang, Kec. Cakung, Kota Jakarta Timur, Daerah Khusus Ibukota Jakarta 13950 "
404,Cakung Bar.,CAKUNG,SMA Negeri 76 Jakarta,"Alamat: Jl. Cakung Cilincing No.7, RT.11/RW.7, Cakung Bar., Kec. Cakung, Kota Jakarta Timur, Daerah Khusus Ibukota Jakarta 13910 "
405,Cakung Bar.,CAKUNG,SMA N 76 JAKARTA,"Alamat: Jl. Tipar Cakung No.64, RT.4/RW.8, Cakung Bar., Kec. Cakung, Kota Jakarta Timur, Daerah Khusus Ibukota Jakarta 13910 "
406,Duren Sawit,DUREN SAWIT,SMA Negeri 71 Jakarta,"Alamat: QW56+6PF, Jalan Kavling TNI Angkatan Laut, RT.7/RW.16, Duren Sawit, Kec. Duren Sawit, Kota Jakarta Timur, Daerah Khusus Ibukota Jakarta 13440 "
407,Pd. Bambu,DUREN SAWIT,Sma Merah Putih Jakarta Timur,"Alamat: QVFX+5WG, RT.11/RW.1, Pd. Bambu, Kec. Duren Sawit, Kota Jakarta Timur, Daerah Khusus Ibukota Jakarta 13430 "
408,Pd. Bambu,DUREN SAWIT,SMAN 61 Jakarta,"Alamat: Jl. Taruna Jl. Pahlawan Revolusi No.2, Pd. Bambu, Kec. Duren Sawit, Kota Jakarta Timur, Daerah Khusus Ibukota Jakarta 13430 "
409,Pd. Bambu,DUREN SAWIT,Sekolah Menengah Atas St. Alexius,"Alamat: Jl. Amal Raya No.2, RT.6/RW.1, Pd. Bambu, Kec. Duren Sawit, Kota Jakarta Timur, Daerah Khusus Ibukota Jakarta 13430 "
410,Pd. Bambu,DUREN SAWIT,Pusaka,"Alamat: Jalan Pahlawan Revolusi Gang Taruna No.89 RT.006/RW.004, RT.2/RW.4, Pd. Bambu, Kec. Duren Sawit, Kota Jakarta Timur, Daerah Khusus Ibukota Jakarta 13430 "
411,Pd. Bambu,DUREN SAWIT,SMA PGRI 1 JAKARTA,"Alamat: 2, Jl. Cipinang Muara I No.12, RT.12/RW.2, Pd. Bambu, Kec. Duren Sawit, Kota Jakarta Timur, Daerah Khusus Ibukota Jakarta 13430 "
412,Klender,DUREN SAWIT,SMA Negeri 59 Jakarta,"Alamat: 3, Jl. Bulak Timur I No.10 - 11, RT.8/RW.16, Klender, Kec. Duren Sawit, Kota Jakarta Timur, Daerah Khusus Ibukota Jakarta 13470 "
413,Klender,DUREN SAWIT,SMA Negeri 12 Jakarta,"Alamat: Jl. Pertanian No.9, RW.1, Klender, Kec. Duren Sawit, Kota Jakarta Timur, Daerah Khusus Ibukota Jakarta 13470 "
414,Pd. Klp.,DUREN SAWIT,SMA Negeri 91 Jakarta Timur,"Alamat: QW6J+GXM, Jl. Lembah Lontar, Pd. Klp., Kec. Duren Sawit, Timur, Daerah Khusus Ibukota Jakarta 13450 "
415,Pd. Klp.,DUREN SAWIT,SMK BPS&K 1 JAKARTA,"Alamat: Jl. Pd. Kelapa Raya No.15-94, RT.3/RW.9, Pd. Klp., Kec. Duren Sawit, Kota Jakarta Timur, Daerah Khusus Ibukota Jakarta 13450 "
416,Pd. Klp.,DUREN SAWIT,SMA Perguruan Rakyat 2,"Alamat: Jalan AD Jl. Lampiri Raya No.28, RT.4/RW.12, Pd. Klp., Kec. Duren Sawit, Kota Jakarta Timur, Daerah Khusus Ibukota Jakarta 13450 "
417,Malaka Sari,DUREN SAWIT,sma muhammadiyah 23,"Alamat: 9, Jl. Delima II No.IV, RT.9/RW.3, Malaka Sari, Kec. Duren Sawit, Kota Jakarta Timur, Daerah Khusus Ibukota Jakarta 13460 "
418,Malaka Sari,DUREN SAWIT,SMA Negeri 44 JAKARTA TIMUR,"Alamat: Jl. Delima IV, RT.13/RW.5, Malaka Sari, Kec. Duren Sawit, Kota Jakarta Timur, Daerah Khusus Ibukota Jakarta 13460 "
419,Pd. Kopi,DUREN SAWIT,SMA Prima Nusantara,"Alamat: Jalan Pondok Kopi Raya No. 75, Pondok Kopi, Duren Sawit, RT.1/RW.3, Pd. Kopi, Kec. Duren Sawit, Kota Jakarta Timur, Daerah Khusus Ibukota Jakarta 13460 "
420,Pd. Kopi,DUREN SAWIT,SMA Swasta Corpatarin Utama,"Alamat: Jl. Pd. Kopi Raya No.87, Pd. Kopi, Kec. Duren Sawit, Kota Jakarta Timur, Daerah Khusus Ibukota Jakarta 13460 "
421,Pinang Ranti,MAKASAR,SMA NEGERI 48 Jakarta,"Alamat: Jl. Pinang Ranti II No.1, RT.9/RW.1, Pinang Ranti, Kec. Makasar, Kota Jakarta Timur, Daerah Khusus Ibukota Jakarta 13560 "
422,Pinang Ranti,MAKASAR,SMP-SMA-SMK Uswatun Hasanah,"Alamat: Yayasan Da'wah Dan Pendidikan Islam, Jl. Pusdiklat Depnaker No.2, RT.13/RW.1, Pinang Ranti, Kec. Makasar, Kota Jakarta Timur, Daerah Khusus Ibukota Jakarta 13560 "
423,Kb. Pala,MAKASAR,SMA Negeri 9 Jakarta,"Alamat: 13, Jl. Halim Perdana Kusuma Jl. SMU 9 No.4, RT.13/RW.4, Kb. Pala, Kec. Makasar, Kota Jakarta Timur, Daerah Khusus Ibukota Jakarta 13650 "
424,Kb. Pala,MAKASAR,SMK Bhakti 1,"Alamat: 9, Jl. Perindustrian No.7, RT.11/RW.7, Kb. Pala, Kec. Makasar, Kota Jakarta Timur, Daerah Khusus Ibukota Jakarta 13650 "
425,Halim Perdana Kusumah,MAKASAR,SMA Negeri 67 Jakarta,"Alamat: Jl. Squadron No.35, RT.8/RW.5, Halim Perdana Kusumah, Kec. Makasar, Kota Jakarta Timur, Daerah Khusus Ibukota Jakarta 13610 "
426,Halim Perdana Kusumah,MAKASAR,"SMA Angkasa 1 Halim PK, Jakarta","Alamat: Komplek Halim Perdanakusuma Jl. Trikora No.1, RT.1/RW.14, Halim Perdana Kusumah, Kec. Makasar, Kota Jakarta Timur, Daerah Khusus Ibukota Jakarta 13610 "
427,Halim Perdana Kusumah,MAKASAR,SMA Negeri 42 Jakarta,"Alamat: Jl. Rajawali Raya, Halim Perdana Kusumah, Kec. Makasar, Kota Jakarta Timur, Daerah Khusus Ibukota Jakarta 13650 "
428,Halim Perdana Kusumah,MAKASAR,SMA Angkasa 2,"Alamat: Jalan Avia Skadron No. 55, RT.3/RW.4, Halim Perdana Kusumah, Kec. Makasar, Daerah Khusus Ibukota Jakarta 13610 "
429,Cipinang Melayu,MAKASAR,SMA Negeri 81 Jakarta,"Alamat: Jl. Kartika Eka Paksi, Cipinang Melayu, Kec. Makasar, Kota Jakarta Timur, Daerah Khusus Ibukota Jakarta 13620 "
430,Cipinang Melayu,MAKASAR,Andalusia Building,"Alamat: QW2C+C27, Cipinang Melayu, Kec. Makasar, Kota Jakarta Timur, Daerah Khusus Ibukota Jakarta "
431,Ciracas,CIRACAS,SMA Negeri 58 Jakarta,"Alamat: Jl. Raya Ciracas No.2, RT.7/RW.3, Ciracas, Kec. Ciracas, Kota Jakarta Timur, Daerah Khusus Ibukota Jakarta 13740 "
432,Ciracas,CIRACAS,SMA Islam Al Azhar 19,"Alamat: Jl. Raya Centex No.24, RT.7/RW.10, Ciracas, Kec. Ciracas, Kota Jakarta Timur, Daerah Khusus Ibukota Jakarta 13740 "
433,Ciracas,CIRACAS,SMA Al maruf,"Alamat: Jl. Raya Lap. Tembak - Cibubur No.3, RT.3/RW.4, Kelapa Dua Wetan, Ciracas, East Jakarta City, Jakarta 13730 "
434,Cibubur,CIRACAS,SMA Negeri 99 Jakarta Timur,"Alamat: Jl. Cibubur II No.9, RT.9/RW.3, Cibubur, Kec. Ciracas, Kota Jakarta Timur, Daerah Khusus Ibukota Jakarta 13720 "
435,Cibubur,CIRACAS,SMA Minhaajushshoobiriin Cibubur,"Alamat: Jl. Masjid H. Sobirin No.13, RT.13/RW.10, Cibubur, Kec. Ciracas, Kota Jakarta Timur, Daerah Khusus Ibukota Jakarta 13720 "
436,Klp. Dua Wetan,CIRACAS,SMA PKP Jakarta Islamic School,"Alamat: Jl. Lkr. Pkp No.1, Klp. Dua Wetan, Kec. Ciracas, Kota Jakarta Timur, Daerah Khusus Ibukota Jakarta 13730 "
437,Klp. Dua Wetan,CIRACAS,SMA NEGERI 105 Jakarta,"Alamat: Jl. H. Usman No.2, RT.2/RW.4, Klp. Dua Wetan, Kec. Ciracas, Kota Jakarta Timur, Daerah Khusus Ibukota Jakarta 13730 "
438,Klp. Dua Wetan,CIRACAS,Sekolah Menengah Atas (SMA) Chartar Buana,"Alamat: 1, Jl. Rw. Bola Raya No.49, RT.1/RW.7, Klp. Dua Wetan, Kec. Ciracas, Kota Jakarta Timur, Daerah Khusus Ibukota Jakarta 13730 "
439,Klp. Dua Wetan,CIRACAS,Sekolah Menengah Pertama (SMP) Islam Al - Ma'ruf,"Alamat: Jl. Lap. Tembak No.Rt.003/010, RT.3/RW.4, Klp. Dua Wetan, Kec. Ciracas, Kota Jakarta Timur, Daerah Khusus Ibukota Jakarta 13730 "
440,Klp. Dua Wetan,CIRACAS,MAN 15 Jakarta,"Alamat: Jl. Inayah Jl. Raya Klp. Dua Wetan No.24, RT.3/RW.8, Klp. Dua Wetan, Kec. Ciracas, Kota Jakarta Timur, Daerah Khusus Ibukota Jakarta 46347 "
441,Klp. Dua Wetan,CIRACAS,SMA PERGURUAN ADVENT XV CIRACAS,"Alamat: Jl. Pembaharuan No.2, RW.8, Klp. Dua Wetan, Kec. Ciracas, Kota Jakarta Timur, Daerah Khusus Ibukota Jakarta 13730 "
442,Susukan,CIRACAS,SMA TELADAN 1 JAKARTA,"Alamat: 10, Jl. Madrasah No.49, RT.10/RW.5, Susukan, Kec. Ciracas, Kota Jakarta Timur, Daerah Khusus Ibukota Jakarta 13750 "
443,Rambutan,CIRACAS,Sekolah Menengah Atas & Pertama Widya Manggala,"Alamat: Jl. Mujahidin No.17, RT.5/RW.2, Rambutan, Kec. Ciracas, Kota Jakarta Timur, Daerah Khusus Ibukota Jakarta 13830 "
444,Cipayung,CIPAYUNG,SMA NEGERI 64 Jakarta Timur,"Alamat: Jl. Cipayung Raya No.4, RT.4/RW.2, Cipayung, Kec. Cipayung, Kota Jakarta Timur, Daerah Khusus Ibukota Jakarta 13840 "
445,Cipayung,CIPAYUNG,SMA PGRI 4 JAKARTA,"Alamat: Jalan Cipayung Raya, RT.1/RW.3, RT.3/RW.2, Cipayung, Kec. Cipayung, Kota Jakarta Timur, Daerah Khusus Ibukota Jakarta 13840 "
446,Cipayung,CIPAYUNG,Sekolah Menengah Kejuruan PGRI 16 Jakarta,"Alamat: Jl. SMA 64 No.23, RT.5/RW.2, Cipayung, Kec. Cipayung, Kota Jakarta Timur, Daerah Khusus Ibukota Jakarta 13840 "
447,Cilangkap,CIPAYUNG,Sekolah Prestasi Prima,"Alamat: Jl. Hankam Raya No.89, RT.7/RW.4, Cilangkap, Kec. Cipayung, Kota Jakarta Timur, Daerah Khusus Ibukota Jakarta 13870 "
448,Cilangkap,CIPAYUNG,SMK Insan Mulia Informatika,"Alamat: Jl. Raya Cilangkap No.1, RT.8/RW.2, Cilangkap, Kec. Cipayung, Kota Jakarta Timur, Daerah Khusus Ibukota Jakarta 13870 "
449,Cilangkap,CIPAYUNG,SMK Insan Mulia Informatika,"Alamat: 2, RW.1, Cilangkap, Kec. Cipayung, Kota Jakarta Timur, Daerah Khusus Ibukota Jakarta 13870 "
450,Cilangkap,CIPAYUNG,Sekolah Menengah Kejuruan Mitra Wisata,"Alamat: Yayasan Mitratama Perdana, Jl. Giri Kencana No.31, RT.8/RW.2, Cilangkap, Kec. Cipayung, Kota Jakarta Timur, Daerah Khusus Ibukota Jakarta 13870 "
451,Pd. Ranggon,CIPAYUNG,MAN 14 Jakarta Kampus B Pondok Ranggon,"Alamat: Jl. Pd. Rangon No.44, RT.7/RW.5, Pd. Ranggon, Kec. Cipayung, Kota Jakarta Timur, Daerah Khusus Ibukota Jakarta 13860 "
452,Munjul,CIPAYUNG,SMK Medical High School,"Alamat: Jl. Raya Munjul No.2, RT.3/RW.1, Munjul, Kec. Cipayung, Kota Jakarta Timur, Daerah Khusus Ibukota Jakarta 13850 "
453,Munjul,CIPAYUNG,SMK Analis Kesehatan Puskesad,"Alamat: JVVV+FPF Kel, Jl. Jankes AD, RT.10/RW.1, Munjul, Kec. Cipayung, Kota Jakarta Timur, Daerah Khusus Ibukota Jakarta 13850 "
454,Munjul,CIPAYUNG,Madrasah Aliyah Al - Hamid,"Alamat: Pd. Pesantren Al Hamid, Jl. Cilangkap Baru No.1, RT.12/RW.2, Munjul, Kec. Cipayung, Kota Jakarta Timur, Daerah Khusus Ibukota Jakarta 13850 "
455,SETU,CIPAYUNG,SMAIT Buahati Islamic School,"Alamat: Jl. Mandor Munding No.6, RT.6/RW.1, Setu, Kec. Cipayung, Kota Jakarta Timur, Daerah Khusus Ibukota Jakarta 13880 "
456,Bambu Apus,CIPAYUNG,SMA SANTIKA,"Alamat: Jl. Bambu Wulung No.2, RT.7/RW.5, Bambu Apus, Kec. Cipayung, Kota Jakarta Timur, Daerah Khusus Ibukota Jakarta 13890 "
457,Bambu Apus,CIPAYUNG,SMA Negeri Unggulan M.H. Thamrin,"Alamat: Jl. Bambu Wulung No.7, RT.7/RW.5, Bambu Apus, Kec. Cipayung, Kota Jakarta Timur, Daerah Khusus Ibukota Jakarta 13890 "
458,Bambu Apus,CIPAYUNG,Nizamia Andalusia High School (NHS),"Alamat: Jl. Raya Mabes Hankam No.100, RT.2/RW.3, Bambu Apus, Kec. Cipayung, Kota Jakarta Timur, Daerah Khusus Ibukota Jakarta 13890 "
459,Lubang Buaya,CIPAYUNG,Sekolah Menengah Kejuruan Islam Al-Makiyah,"Alamat: Jl. Gorda No.RT01/01, Lubang Buaya, Kec. Cipayung, Kota Jakarta Timur, Daerah Khusus Ibukota Jakarta 13810 "
460,Lubang Buaya,CIPAYUNG,SMAN 113 Jakarta,"Alamat: Jl. Al.Baidho I No.10, RT.10/RW.9, Lubang Buaya, Kec. Cipayung, Kota Jakarta Timur, Daerah Khusus Ibukota Jakarta 13810 "
461,Lubang Buaya,CIPAYUNG,SMA PGRI 24,"Alamat: Jalan SMPN 157 No.33, RT.2/RW.6, Lubang Buaya, Kec. Cipayung, Kota Jakarta Timur, Daerah Khusus Ibukota Jakarta 13810 "
462,Lubang Buaya,CIPAYUNG,Sekolah Menengah Kejuruan Jakarta Raya 2,"Alamat: Jl. Raya Pd. Gede No.36, RT.11/RW.1, Lubang Buaya, Kec. Cipayung, Kota Jakarta Timur, Daerah Khusus Ibukota Jakarta 13810 "
